Crop,Crop_Year,Season,State,Area,Production,Annual_Rainfall,Fertilizer,Pesticide,Yield,Potential_Yield,Yield_Gap,Gap_Trend
Rice,1997,Autumn     ,Assam,607358.0,398311,2051.4,57802260.86,188280.98,0.780869565,2.4883846153999998,1.7075150503999996,-0.028511385842826392
Rice,1997,Summer     ,Assam,174974.0,209623,2051.4,16652275.58,54241.94,1.060434783,2.4883846153999998,1.4279498323999997,-0.028511385842826392
Rice,1997,Winter     ,Assam,1743321.0,1647296,2051.4,165911859.6,540429.51,0.941304348,2.4883846153999998,1.5470802673999997,-0.028511385842826392
Wheat,1997,Rabi       ,Assam,84698.0,110054,2051.4,8060708.66,26256.38,1.25952381,1.2713466664000002,0.011822856400000248,-0.0038919316481200567
Rice,1997,Kharif     ,Karnataka,1031530.0,2340493,1266.7,98170710.1,319774.3,2.2335,2.9473214288,0.7138214288000002,-0.02526597494249578
Rice,1997,Rabi       ,Karnataka,53889.0,109350,1266.7,5128616.13,16705.59,2.073846154,2.9473214288,0.8734752748000001,-0.02526597494249578
Rice,1997,Summer     ,Karnataka,268044.0,762759,1266.7,25509747.48,83093.64,2.829444444,2.9473214288,0.11787698480000008,-0.02526597494249578
Wheat,1997,Rabi       ,Karnataka,250698.0,118512,1266.7,23858928.66,77716.38,0.548333333,1.0787142858,0.5303809528000001,-0.014056544149348503
Rice,1997,Kharif     ,Meghalaya,105170.0,150101,3818.2,10009028.9,32602.7,1.378571429,2.5521818184,1.1736103893999998,-0.04611595517529644
Wheat,1997,Rabi       ,Meghalaya,4287.0,6894,3818.2,407993.79,1328.97,1.385,1.6378,0.2527999999999999,-0.00508177570093457
Rice,1997,Autumn     ,West Bengal,423121.0,751970,1852.9,40268425.57,131167.51,1.837222222,3.1652222222,1.3280000002,-0.02538314263621085
Rice,1997,Summer     ,West Bengal,1206829.0,3569520,1852.9,114853915.9,374116.99,2.843888889,3.1652222222,0.3213333332000001,-0.02538314263621085
Rice,1997,Winter     ,West Bengal,4270328.0,8915100,1852.9,406407115.8,1323801.68,1.985555556,3.1652222222,1.1796666662000002,-0.02538314263621085
Wheat,1997,Rabi       ,West Bengal,367374.0,810480,1852.9,34962983.58,113885.94,1.886666667,2.603,0.7163333330000001,-0.02663665735044556
Rice,1998,Kharif     ,Puducherry,4945.0,11518,1434.5875,488566.0,1434.05,2.46,3.5283333335,1.0683333335,-0.026797647981538435
Rice,1998,Rabi       ,Puducherry,13961.0,30220,1434.5875,1379346.8,4048.69,2.555,3.5283333335,0.9733333334999998,-0.026797647981538435
Rice,1998,Summer     ,Puducherry,5716.0,14863,1434.5875,564740.8,1657.64,2.55,3.5283333335,0.9783333335000002,-0.026797647981538435
Rice,1998,Autumn     ,Assam,594979.0,520605,2354.4,58783925.2,172543.91,1.055652174,2.4883846153999998,1.4327324413999998,-0.028511385842826392
Rice,1998,Summer     ,Assam,223913.0,446114,2354.4,22122604.4,64934.77,1.685217391,2.4883846153999998,0.8031672243999999,-0.028511385842826392
Rice,1998,Winter     ,Assam,1635230.0,2288114,2354.4,161560724.0,474216.7,1.395652174,2.4883846153999998,1.0927324413999997,-0.028511385842826392
Wheat,1998,Rabi       ,Assam,89591.0,90509,2354.4,8851590.8,25981.39,0.999545455,1.2713466664000002,0.27180121140000013,-0.0038919316481200567
Rice,1998,Kharif     ,Goa,41000.0,104249,2964.9,4050800.0,11890.0,2.54,2.968,0.42799999999999994,-0.008664310092638022
Rice,1998,Kharif     ,Karnataka,1079193.0,2599170,1260.8,106624268.4,312965.97,2.310740741,2.9473214288,0.6365806878,-0.02526597494249578
Rice,1998,Rabi       ,Karnataka,51782.0,106072,1260.8,5116061.6,15016.78,2.054285714,2.9473214288,0.8930357147999999,-0.02526597494249578
Wheat,1998,Rabi       ,Karnataka,268981.0,219433,1260.8,26575322.8,78004.49,0.848823529,1.0787142858,0.22989075680000004,-0.014056544149348503
Rice,1998,Autumn     ,Kerala,120217.0,235849,3151.5,11877439.6,34862.93,1.856923077,2.6717857145,0.8148626374999999,-0.015183233252785226
Rice,1998,Summer     ,Kerala,57700.0,144872,3151.5,5700760.0,16733.0,2.116153846,2.6717857145,0.5556318684999999,-0.015183233252785226
Rice,1998,Winter     ,Kerala,174714.0,346022,3151.5,17261743.2,50667.06,1.937142857,2.6717857145,0.7346428574999999,-0.015183233252785226
Rice,1998,Kharif     ,Meghalaya,105402.0,149742,6552.7,10413717.6,30566.58,1.51,2.5521818184,1.0421818183999998,-0.04611595517529644
Wheat,1998,Rabi       ,Meghalaya,4287.0,6998,6552.7,423555.6,1243.23,1.605,1.6378,0.03279999999999994,-0.00508177570093457
Rice,1998,Autumn     ,West Bengal,425002.0,740688,2152.5,41990197.6,123250.58,1.751111111,3.1652222222,1.4141111112000002,-0.02538314263621085
Rice,1998,Winter     ,West Bengal,4028620.0,7653780,2152.5,398027656.0,1168299.8,1.781666667,3.1652222222,1.3835555552,-0.02538314263621085
Wheat,1998,Rabi       ,West Bengal,367472.0,778090,2152.5,36306233.6,106566.88,1.870555556,2.603,0.7324444440000002,-0.02663665735044556
Rice,1999,Autumn     ,Assam,557220.0,514156,2201.8,59137758.6,150449.4,1.094782609,2.4883846153999998,1.3936020063999999,-0.028511385842826392
Rice,1999,Summer     ,Assam,294654.0,653783,2201.8,31271629.02,79556.58,1.990434783,2.4883846153999998,0.4979498323999998,-0.028511385842826392
Rice,1999,Winter     ,Assam,1793994.0,2692709,2201.8,190396583.2,484378.38,1.501304348,2.4883846153999998,0.9870802673999999,-0.028511385842826392
Wheat,1999,Rabi       ,Assam,76310.0,97583,2201.8,8098780.3,20603.7,1.256818182,1.2713466664000002,0.014528484400000208,-0.0038919316481200567
Rice,1999,Kharif     ,Goa,40500.0,96281,3879.3,4298265.0,10935.0,2.38,2.968,0.5880000000000001,-0.008664310092638022
Rice,1999,Rabi       ,Goa,16213.0,43642,3879.3,1720685.69,4377.51,2.69,2.968,0.278,-0.008664310092638022
Rice,1999,Autumn     ,Kerala,121525.0,252876,2914.6,12897448.25,32811.75,2.081538462,2.6717857145,0.5902472524999998,-0.015183233252785226
Rice,1999,Summer     ,Kerala,58021.0,144551,2914.6,6157768.73,15665.67,2.292857143,2.6717857145,0.3789285714999999,-0.015183233252785226
Rice,1999,Winter     ,Kerala,170228.0,373259,2914.6,18066297.64,45961.56,2.097142857,2.6717857145,0.5746428574999998,-0.015183233252785226
Rice,1999,Kharif     ,Meghalaya,102482.0,156887,6200.3,10876414.66,27670.14,1.605714286,2.5521818184,0.9464675323999998,-0.04611595517529644
Rice,1999,Rabi       ,Meghalaya,3929.0,13846,6200.3,416984.77,1060.83,1.755714286,2.5521818184,0.7964675323999999,-0.04611595517529644
Rice,1999,Kharif     ,Puducherry,25444.0,59433,1434.5875,2700371.72,6869.88,2.61,3.5283333335,0.9183333335000001,-0.026797647981538435
Rice,1999,Autumn     ,West Bengal,427155.0,827970,2318.1,45333960.15,115331.85,1.868888889,3.1652222222,1.2963333332000002,-0.02538314263621085
Rice,1999,Summer     ,West Bengal,1474338.0,4468400,2318.1,156471491.9,398071.26,2.897222222,3.1652222222,0.26800000020000025,-0.02538314263621085
Rice,1999,Winter     ,West Bengal,4248946.0,8463310,2318.1,450940639.0,1147215.42,1.906666667,3.1652222222,1.2585555552,-0.02538314263621085
Wheat,1999,Rabi       ,West Bengal,364155.0,850778,2318.1,38647770.15,98321.85,2.096666667,2.603,0.5063333330000002,-0.02663665735044556
Rice,2000,Kharif     ,Andhra Pradesh,3003673.0,8233806,935.6,294870578.4,780954.98,2.7,3.606538462,0.9065384619999999,-0.040348145789222745
Rice,2000,Rabi       ,Andhra Pradesh,1239053.0,4224208,935.6,121637833.0,322153.78,2.939090909,3.606538462,0.6674475530000001,-0.040348145789222745
Wheat,2000,Rabi       ,Andhra Pradesh,14261.0,8121,935.6,1400002.37,3707.86,0.581818182,1.2896666668999999,0.7078484848999999,0.0010057755036590808
Rice,2000,Autumn     ,Assam,539665.0,557764,1965.5,52978913.05,140312.9,1.197826087,2.4883846153999998,1.2905585283999998,-0.028511385842826392
Rice,2000,Summer     ,Assam,329255.0,681027,1965.5,32322963.35,85606.3,1.825217391,2.4883846153999998,0.6631672243999998,-0.028511385842826392
Rice,2000,Winter     ,Assam,1777257.0,2759652,1965.5,174473319.7,462086.82,1.581304348,2.4883846153999998,0.9070802673999998,-0.028511385842826392
Wheat,2000,Rabi       ,Assam,70301.0,85695,1965.5,6901449.17,18278.26,1.175909091,1.2713466664000002,0.09543757540000009,-0.0038919316481200567
Rice,2000,Kharif     ,Goa,41000.0,96568,3886.9,4024970.0,10660.0,2.36,2.968,0.6080000000000001,-0.008664310092638022
Rice,2000,Rabi       ,Goa,16207.0,45555,3886.9,1591041.19,4213.82,2.81,2.968,0.15799999999999992,-0.008664310092638022
Rice,2000,Kharif     ,Karnataka,1120549.0,2792657,1213.3,110004295.3,291342.74,2.357407407,2.9473214288,0.5899140217999999,-0.02526597494249578
Rice,2000,Rabi       ,Karnataka,52005.0,106335,1213.3,5105330.85,13521.3,2.064615385,2.9473214288,0.8827060437999998,-0.02526597494249578
Rice,2000,Summer     ,Karnataka,310892.0,947744,1213.3,30520267.64,80831.92,2.751304348,2.9473214288,0.1960170807999999,-0.02526597494249578
Wheat,2000,Rabi       ,Karnataka,266310.0,249880,1213.3,26143652.7,69240.6,0.93375,1.0787142858,0.1449642858000001,-0.014056544149348503
Rice,2000,Autumn     ,Kerala,129752.0,260306,2412.6,12737753.84,33735.52,1.938461538,2.6717857145,0.7333241764999998,-0.015183233252785226
Rice,2000,Summer     ,Kerala,55258.0,154606,2412.6,5424677.86,14367.08,2.23,2.6717857145,0.4417857144999999,-0.015183233252785226
Rice,2000,Winter     ,Kerala,162445.0,336416,2412.6,15947225.65,42235.7,2.042857143,2.6717857145,0.6289285714999999,-0.015183233252785226
Rice,2000,Kharif     ,Meghalaya,102657.0,165907,6258.8,10077837.69,26690.82,1.681428571,2.5521818184,0.8707532473999997,-0.04611595517529644
Rice,2000,Rabi       ,Meghalaya,4003.0,13135,6258.8,392974.51,1040.78,1.744285714,2.5521818184,0.8078961043999997,-0.04611595517529644
Wheat,2000,Rabi       ,Meghalaya,4215.0,6892,6258.8,413786.55,1095.9,1.395,1.6378,0.2427999999999999,-0.00508177570093457
Rice,2000,Kharif     ,Puducherry,42779.0,103606,1434.5875,4199614.43,11122.54,2.605,3.5283333335,0.9233333335,-0.026797647981538435
Rice,2000,Autumn     ,West Bengal,393944.0,683950,1907.7,38673482.48,102425.44,1.648333333,3.1652222222,1.5168888892,-0.02538314263621085
Rice,2000,Summer     ,West Bengal,1401841.0,4541328,1907.7,137618731.0,364478.66,3.021111111,3.1652222222,0.14411111119999997,-0.02538314263621085
Rice,2000,Winter     ,West Bengal,3639538.0,7202760,1907.7,357293445.5,946279.88,1.876111111,3.1652222222,1.2891111112000002,-0.02538314263621085
Wheat,2000,Rabi       ,West Bengal,426000.0,1057610,1907.7,41820420.0,110760.0,2.330555556,2.603,0.272444444,-0.02663665735044556
Rice,2001,Kharif     ,Andhra Pradesh,2426073.0,6500545,928.4,247774835.5,630778.98,2.627272727,3.606538462,0.9792657350000002,-0.040348145789222745
Rice,2001,Rabi       ,Andhra Pradesh,1398674.0,4889246,928.4,142846575.6,363655.24,3.025909091,3.606538462,0.5806293710000001,-0.040348145789222745
Wheat,2001,Rabi       ,Andhra Pradesh,13793.0,9486,928.4,1408679.09,3586.18,0.6275,1.2896666668999999,0.6621666668999999,0.0010057755036590808
Rice,2001,Autumn     ,Assam,495698.0,487719,1824.7,50625636.74,128881.48,1.120434783,2.4883846153999998,1.3679498323999997,-0.028511385842826392
Rice,2001,Summer     ,Assam,325987.0,653036,1824.7,33293052.31,84756.62,1.806521739,2.4883846153999998,0.6818628763999999,-0.028511385842826392
Rice,2001,Winter     ,Assam,1714736.0,2713493,1824.7,175125987.7,445831.36,1.600434783,2.4883846153999998,0.8879498323999997,-0.028511385842826392
Wheat,2001,Rabi       ,Assam,72245.0,85300,1824.7,7378381.85,18783.7,1.185217391,1.2713466664000002,0.08612927540000026,-0.0038919316481200567
Rice,2001,Kharif     ,Goa,32746.0,79071,2530.6,3344348.98,8513.96,2.41,2.968,0.5579999999999998,-0.008664310092638022
Rice,2001,Rabi       ,Goa,16637.0,47452,2530.6,1699136.81,4325.62,2.85,2.968,0.11799999999999988,-0.008664310092638022
Rice,2001,Kharif     ,Karnataka,1087967.0,2393946,1002.9,111114069.7,282871.42,2.154814815,2.9473214288,0.7925066138000001,-0.02526597494249578
Rice,2001,Rabi       ,Karnataka,53480.0,99699,1002.9,5461912.4,13904.8,1.840714286,2.9473214288,1.1066071428,-0.02526597494249578
Rice,2001,Summer     ,Karnataka,276277.0,740400,1002.9,28216170.01,71832.02,2.4368,2.9473214288,0.5105214288000002,-0.02526597494249578
Wheat,2001,Rabi       ,Karnataka,260486.0,198822,1002.9,26603435.18,67726.36,0.777333333,1.0787142858,0.3013809528000001,-0.014056544149348503
Rice,2001,Autumn     ,Kerala,116540.0,235838,2946.7,11902230.2,30300.4,1.886923077,2.6717857145,0.7848626374999998,-0.015183233252785226
Rice,2001,Summer     ,Kerala,43850.0,105032,2946.7,4478400.5,11401.0,2.151428571,2.6717857145,0.5203571435000001,-0.015183233252785226
Rice,2001,Winter     ,Kerala,161978.0,362634,2946.7,16542813.14,42114.28,2.153571429,2.6717857145,0.5182142855,-0.015183233252785226
Rice,2001,Kharif     ,Meghalaya,107761.0,188971,4241.0,11005630.93,28017.86,1.751428571,2.5521818184,0.8007532473999999,-0.04611595517529644
Wheat,2001,Rabi       ,Meghalaya,2753.0,4812,4241.0,281163.89,715.78,1.455,1.6378,0.18279999999999985,-0.00508177570093457
Rice,2001,Kharif     ,Puducherry,26263.0,66868,1434.5875,2682240.19,6828.38,2.415,3.5283333335,1.1133333335,-0.026797647981538435
Rice,2001,Autumn     ,West Bengal,353048.0,731778,1556.6,36056792.24,91792.48,2.094705882,3.1652222222,1.0705163402000002,-0.02538314263621085
Rice,2001,Summer     ,West Bengal,1366273.0,4166145,1556.6,139537461.5,355230.98,2.788823529,3.1652222222,0.3763986932000001,-0.02538314263621085
Rice,2001,Winter     ,West Bengal,3783766.0,8917625,1556.6,386436021.6,983779.16,2.235294118,3.1652222222,0.9299281042,-0.02538314263621085
Wheat,2001,Rabi       ,West Bengal,434004.0,961533,1556.6,44324828.52,112841.04,2.109444444,2.603,0.493555556,-0.02663665735044556
Rice,2002,Kharif     ,Andhra Pradesh,2109301.0,5054013,648.1,199687525.7,527325.25,2.202727273,3.606538462,1.4038111890000002,-0.040348145789222745
Rice,2002,Rabi       ,Andhra Pradesh,712766.0,2272773,648.1,67477557.22,178191.5,2.533636364,3.606538462,1.0729020980000001,-0.040348145789222745
Wheat,2002,Rabi       ,Andhra Pradesh,11044.0,14898,648.1,1045535.48,2761.0,1.09,1.2896666668999999,0.1996666668999998,0.0010057755036590808
Rice,2002,Autumn     ,Assam,464497.0,444884,1973.6,43973930.99,116124.25,1.076521739,2.4883846153999998,1.4118628763999999,-0.028511385842826392
Rice,2002,Summer     ,Assam,327468.0,622358,1973.6,31001395.56,81867.0,1.794347826,2.4883846153999998,0.6940367893999997,-0.028511385842826392
Rice,2002,Winter     ,Assam,1748715.0,2670560,1973.6,165550849.1,437178.75,1.545652174,2.4883846153999998,0.9427324413999998,-0.028511385842826392
Wheat,2002,Rabi       ,Assam,69061.0,77952,1973.6,6538004.87,17265.25,1.152272727,1.2713466664000002,0.11907393940000022,-0.0038919316481200567
Rice,2002,Kharif     ,Goa,33728.0,90072,2516.3,3193029.76,8432.0,2.67,2.968,0.29800000000000004,-0.008664310092638022
Rice,2002,Rabi       ,Goa,16441.0,44695,2516.3,1556469.47,4110.25,2.72,2.968,0.24799999999999978,-0.008664310092638022
Rice,2002,Autumn     ,Kerala,112438.0,233217,2511.2,10644505.46,28109.5,2.130769231,2.6717857145,0.5410164835,-0.015183233252785226
Rice,2002,Summer     ,Kerala,41079.0,111850,2511.2,3888948.93,10269.75,2.212142857,2.6717857145,0.4596428575,-0.015183233252785226
Rice,2002,Winter     ,Kerala,157004.0,343792,2511.2,14863568.68,39251.0,2.123571429,2.6717857145,0.5482142854999998,-0.015183233252785226
Rice,2002,Kharif     ,Tamil Nadu,1516537.0,3577108,315.9,143570557.8,379134.25,2.884642857,4.2939447004,1.4093018434000002,-0.03916288575278614
Rice,2002,Autumn     ,West Bengal,384965.0,796652,1629.1,36444636.55,96241.25,2.092777778,3.1652222222,1.0724444442000003,-0.02538314263621085
Rice,2002,Summer     ,West Bengal,1406078.0,4198595,1629.1,133113404.3,351519.5,2.747777778,3.1652222222,0.41744444420000004,-0.02538314263621085
Rice,2002,Winter     ,West Bengal,4051084.0,9393991,1629.1,383516122.3,1012771.0,2.221666667,3.1652222222,0.9435555552000001,-0.02538314263621085
Wheat,2002,Rabi       ,West Bengal,405350.0,887437,1629.1,38374484.5,101337.5,1.992777778,2.603,0.6102222220000002,-0.02663665735044556
Rice,2003,Kharif     ,Andhra Pradesh,2108904.0,5841539,826.0,208739317.9,506136.96,2.670909091,3.606538462,0.9356293710000001,-0.040348145789222745
Rice,2003,Rabi       ,Andhra Pradesh,865734.0,3111263,826.0,85690351.32,207776.16,2.729090909,3.606538462,0.8774475530000001,-0.040348145789222745
Wheat,2003,Rabi       ,Andhra Pradesh,11928.0,6741,826.0,1180633.44,2862.72,0.481818182,1.2896666668999999,0.8078484848999998,0.0010057755036590808
Rice,2003,Autumn     ,Assam,441143.0,430374,2213.7,43664334.14,105874.32,1.118695652,2.4883846153999998,1.3696889633999998,-0.028511385842826392
Rice,2003,Summer     ,Assam,319480.0,573189,2213.7,31622130.4,76675.2,1.493913043,2.4883846153999998,0.9944715723999997,-0.028511385842826392
Rice,2003,Winter     ,Assam,1769203.0,2877371,2213.7,175115712.9,424608.72,1.618695652,2.4883846153999998,0.8696889633999998,-0.028511385842826392
Wheat,2003,Rabi       ,Assam,69954.0,73186,2213.7,6924046.92,16788.96,1.040909091,1.2713466664000002,0.2304375754000001,-0.0038919316481200567
Rice,2003,Kharif     ,Karnataka,944272.0,2100123,867.6,93464042.56,226625.28,2.133333333,2.9473214288,0.8139880958000001,-0.02526597494249578
Rice,2003,Rabi       ,Karnataka,54629.0,158046,867.6,5407178.42,13110.96,2.892,2.9473214288,0.05532142880000013,-0.02526597494249578
Wheat,2003,Rabi       ,Karnataka,231994.0,96150,867.6,22962766.12,55678.56,0.516428571,1.0787142858,0.5622857148000001,-0.014056544149348503
Rice,2003,Autumn     ,Kerala,102770.0,220132,2386.0,10172174.6,24664.8,2.140769231,2.6717857145,0.5310164834999997,-0.015183233252785226
Rice,2003,Summer     ,Kerala,37186.0,83239,2386.0,3680670.28,8924.64,1.845,2.6717857145,0.8267857144999999,-0.015183233252785226
Rice,2003,Winter     ,Kerala,147384.0,266674,2386.0,14588068.32,35372.16,1.960714286,2.6717857145,0.7110714284999999,-0.015183233252785226
Rice,2003,Kharif     ,Meghalaya,109721.0,200703,3321.3,10860184.58,26333.04,1.798571429,2.5521818184,0.7536103893999997,-0.04611595517529644
Wheat,2003,Rabi       ,Meghalaya,862.0,1540,3321.3,85320.76,206.88,1.49,1.6378,0.14779999999999993,-0.00508177570093457
Rice,2003,Kharif     ,Puducherry,25065.0,67003,1434.5875,2480933.7,6015.6,2.993333333,3.5283333335,0.5350000005000002,-0.026797647981538435
Rice,2003,Kharif     ,Tamil Nadu,1396651.0,3222776,345.6,138240516.0,335196.24,2.728214286,4.2939447004,1.5657304144,-0.03916288575278614
Rice,2003,Autumn     ,West Bengal,339753.0,719205,1526.7,33628751.94,81540.72,2.131666667,3.1652222222,1.0335555552,-0.02538314263621085
Rice,2003,Summer     ,West Bengal,1390148.0,4289454,1526.7,137596849.0,333635.52,2.879444444,3.1652222222,0.28577777819999994,-0.02538314263621085
Rice,2003,Winter     ,West Bengal,4126706.0,9653580,1526.7,408461359.9,990409.44,2.283333333,3.1652222222,0.8818888892000003,-0.02538314263621085
Wheat,2003,Rabi       ,West Bengal,425721.0,985686,1526.7,42137864.58,102173.04,2.194444444,2.603,0.40855555600000004,-0.02663665735044556
Rice,2004,Kharif     ,Karnataka,1055061.0,2627561,1117.7,114305308.7,221562.81,2.37,2.9473214288,0.5773214287999999,-0.02526597494249578
Wheat,2004,Rabi       ,Karnataka,241991.0,206296,1117.7,26217304.94,50818.11,0.845333333,1.0787142858,0.23338095280000004,-0.014056544149348503
Rice,2004,Autumn     ,Kerala,105349.0,241824,2880.2,11413510.66,22123.29,2.271538462,2.6717857145,0.4002472524999998,-0.015183233252785226
Rice,2004,Summer     ,Kerala,35732.0,89752,2880.2,3871204.88,7503.72,2.256923077,2.6717857145,0.41486263749999974,-0.015183233252785226
Rice,2004,Winter     ,Kerala,148893.0,335529,2880.2,16131067.62,31267.53,2.175714286,2.6717857145,0.4960714285000001,-0.015183233252785226
Rice,2004,Autumn     ,Meghalaya,32667.0,37766,4767.9,3539142.78,6860.07,1.492857143,2.5521818184,1.0593246753999999,-0.04611595517529644
Rice,2004,Summer     ,Meghalaya,9224.0,37439,4767.9,999328.16,1937.04,2.078333333,2.5521818184,0.4738484854,-0.04611595517529644
Rice,2004,Winter     ,Meghalaya,69659.0,118514,4767.9,7546856.06,14628.39,1.792857143,2.5521818184,0.7593246753999998,-0.04611595517529644
Wheat,2004,Rabi       ,Meghalaya,863.0,1564,4767.9,93497.42,181.23,1.156666667,1.6378,0.48113333299999983,-0.00508177570093457
Rice,2004,Kharif     ,Tamil Nadu,1872822.0,5061622,1034.0,202901535.5,393292.62,3.015172414,4.2939447004,1.2787722864000002,-0.03916288575278614
Rice,2005,Kharif     ,Andhra Pradesh,2526108.0,6376990,1075.5,302930871.4,530482.68,2.549090909,3.606538462,1.0574475530000003,-0.040348145789222745
Rice,2005,Rabi       ,Andhra Pradesh,1455643.0,5326634,1075.5,174560708.6,305685.03,3.132272727,3.606538462,0.4742657349999999,-0.040348145789222745
Wheat,2005,Rabi       ,Andhra Pradesh,11109.0,8891,1075.5,1332191.28,2332.89,0.774,1.2896666668999999,0.5156666668999998,0.0010057755036590808
Rice,2005,Autumn     ,Assam,398316.0,398077,2184.6,47766054.72,83646.36,1.132222222,2.4883846153999998,1.3561623933999998,-0.028511385842826392
Rice,2005,Summer     ,Assam,314671.0,559969,2184.6,37735346.32,66080.91,1.637692308,2.4883846153999998,0.8506923073999997,-0.028511385842826392
Rice,2005,Winter     ,Assam,1707340.0,2594392,2184.6,204744212.8,358541.4,1.502592593,2.4883846153999998,0.9857920223999999,-0.028511385842826392
Wheat,2005,Rabi       ,Assam,49961.0,53735,2184.6,5991323.12,10491.81,1.084230769,1.2713466664000002,0.18711589740000023,-0.0038919316481200567
Rice,2005,Kharif     ,Karnataka,1075993.0,2770413,1316.2,129033080.6,225958.53,2.50962963,2.9473214288,0.4376917988,-0.02526597494249578
Rice,2005,Rabi       ,Karnataka,44944.0,97483,1316.2,5389684.48,9438.24,2.2675,2.9473214288,0.6798214288,-0.02526597494249578
Wheat,2005,Rabi       ,Karnataka,252588.0,226369,1316.2,30290352.96,53043.48,0.880714286,1.0787142858,0.19799999980000005,-0.014056544149348503
Rice,2005,Autumn     ,Kerala,98256.0,212520,3030.9,11782859.52,20633.76,2.096923077,2.6717857145,0.5748626374999999,-0.015183233252785226
Rice,2005,Summer     ,Kerala,21857.0,59733,3030.9,2621091.44,4589.97,2.345714286,2.6717857145,0.3260714284999997,-0.015183233252785226
Rice,2005,Winter     ,Kerala,155629.0,357734,3030.9,18663029.68,32682.09,2.189285714,2.6717857145,0.48250000049999997,-0.015183233252785226
Rice,2005,Autumn     ,Meghalaya,32678.0,43762,3374.4,3918745.76,6862.38,1.597142857,2.5521818184,0.9550389613999999,-0.04611595517529644
Rice,2005,Summer     ,Meghalaya,9791.0,39910,3374.4,1174136.72,2056.11,2.245,2.5521818184,0.3071818183999997,-0.04611595517529644
Rice,2005,Winter     ,Meghalaya,63602.0,124605,3374.4,7627151.84,13356.42,1.971428571,2.5521818184,0.5807532473999999,-0.04611595517529644
Wheat,2005,Rabi       ,Meghalaya,670.0,1198,3374.4,80346.4,140.7,1.306666667,1.6378,0.3311333329999999,-0.00508177570093457
Rice,2005,Kharif     ,Tamil Nadu,2050455.0,5209433,1364.1,245890563.6,430595.55,2.895517241,4.2939447004,1.3984274594000001,-0.03916288575278614
Rice,2005,Autumn     ,West Bengal,288129.0,605612,1650.1,34552429.68,60507.09,2.116111111,3.1652222222,1.0491111112000002,-0.02538314263621085
Rice,2005,Summer     ,West Bengal,1381957.0,4047038,1650.1,165724283.4,290210.97,2.767222222,3.1652222222,0.39800000020000015,-0.02538314263621085
Rice,2005,Winter     ,West Bengal,4112863.0,9858092,1650.1,493214531.0,863701.23,2.317222222,3.1652222222,0.8480000002000003,-0.02538314263621085
Wheat,2005,Rabi       ,West Bengal,366729.0,773514,1650.1,43978141.68,77013.09,1.953333333,2.603,0.6496666670000002,-0.02663665735044556
Rice,2006,Kharif     ,Puducherry,5010.0,13285,1434.5875,639827.1,1102.2,2.64,3.5283333335,0.8883333334999999,-0.026797647981538435
Rice,2006,Summer     ,Puducherry,4574.0,13942,1434.5875,584145.54,1006.28,3.05,3.5283333335,0.4783333335000002,-0.026797647981538435
Rice,2006,Autumn     ,Meghalaya,32679.0,44736,2454.7,4173435.09,7189.38,1.641428571,2.5521818184,0.9107532473999997,-0.04611595517529644
Rice,2006,Rabi       ,Meghalaya,9854.0,39940,2454.7,1258454.34,2167.88,2.077142857,2.5521818184,0.4750389613999997,-0.04611595517529644
Rice,2006,Winter     ,Meghalaya,61752.0,115533,2454.7,7886347.92,13585.44,1.852857143,2.5521818184,0.6993246753999998,-0.04611595517529644
Wheat,2006,Rabi       ,Meghalaya,656.0,1183,2454.7,83777.76,144.32,1.32,1.6378,0.31779999999999986,-0.00508177570093457
Rice,2006,Kharif     ,Andhra Pradesh,2640870.0,6949186,845.2,337265507.7,580991.4,2.689090909,3.606538462,0.9174475530000001,-0.040348145789222745
Rice,2006,Rabi       ,Andhra Pradesh,1337020.0,4922944,845.2,170750824.2,294144.4,3.036818182,3.606538462,0.5697202799999999,-0.040348145789222745
Wheat,2006,Rabi       ,Andhra Pradesh,10016.0,8796,845.2,1279143.36,2203.52,0.68,1.2896666668999999,0.6096666668999998,0.0010057755036590808
Rice,2006,Autumn     ,Assam,379441.0,335708,1774.9,48458410.11,83477.02,1.028148148,2.4883846153999998,1.4602364673999997,-0.028511385842826392
Rice,2006,Summer     ,Assam,312471.0,630162,1774.9,39905671.41,68743.62,1.837037037,2.4883846153999998,0.6513475783999998,-0.028511385842826392
Rice,2006,Winter     ,Assam,1504647.0,1950144,1774.9,192158468.4,331022.34,1.269259259,2.4883846153999998,1.2191253563999997,-0.028511385842826392
Wheat,2006,Rabi       ,Assam,59573.0,67413,1774.9,7608067.83,13106.06,1.134444444,1.2713466664000002,0.13690222240000005,-0.0038919316481200567
Rice,2006,Kharif     ,Karnataka,1066981.0,2723038,1146.3,136264143.5,234735.82,2.428148148,2.9473214288,0.5191732808,-0.02526597494249578
Rice,2006,Rabi       ,Karnataka,44063.0,99796,1146.3,5627285.73,9693.86,2.335333333,2.9473214288,0.6119880958000001,-0.02526597494249578
Rice,2006,Summer     ,Karnataka,284632.0,822692,1146.3,36350352.72,62619.04,2.6825,2.9473214288,0.2648214287999999,-0.02526597494249578
Wheat,2006,Rabi       ,Karnataka,269494.0,223806,1146.3,34417078.74,59288.68,0.810714286,1.0787142858,0.2679999998000001,-0.014056544149348503
Rice,2006,Autumn     ,Kerala,83859.0,191241,3429.7,10709632.89,18448.98,2.270769231,2.6717857145,0.40101648349999985,-0.015183233252785226
Rice,2006,Summer     ,Kerala,35946.0,103571,3429.7,4590663.66,7908.12,2.497857143,2.6717857145,0.17392857149999985,-0.015183233252785226
Rice,2006,Winter     ,Kerala,143724.0,346763,3429.7,18354992.04,31619.28,2.286428571,2.6717857145,0.38535714349999983,-0.015183233252785226
Rice,2006,Kharif     ,Tamil Nadu,1931397.0,6610607,927.9,246658710.9,424907.34,3.584827586,4.2939447004,0.7091171144000001,-0.03916288575278614
Rice,2006,Autumn     ,West Bengal,283859.0,575294,1631.4,36251632.89,62448.98,2.001111111,3.1652222222,1.1641111112,-0.02538314263621085
Rice,2006,Summer     ,West Bengal,1401233.0,4520656,1631.4,178951466.4,308271.26,3.028888889,3.1652222222,0.13633333320000007,-0.02538314263621085
Rice,2006,Winter     ,West Bengal,4001936.0,9649942,1631.4,511087246.6,880425.92,2.291666667,3.1652222222,0.8735555552000003,-0.02538314263621085
Wheat,2006,Rabi       ,West Bengal,350621.0,799876,1631.4,44777807.91,77136.62,2.168888889,2.603,0.434111111,-0.02663665735044556
Rice,2007,Kharif     ,Puducherry,4379.0,12878,1434.5875,584158.6,700.64,2.986666667,3.5283333335,0.5416666664999998,-0.026797647981538435
Rice,2007,Rabi       ,Puducherry,11411.0,28051,1434.5875,1522227.4,1825.76,3.02,3.5283333335,0.5083333335,-0.026797647981538435
Rice,2007,Summer     ,Puducherry,4647.0,12395,1434.5875,619909.8,743.52,2.21,3.5283333335,1.3183333335,-0.026797647981538435
Rice,2007,Autumn     ,Assam,354115.0,347992,2154.1,47238941.0,56658.4,1.082592593,2.4883846153999998,1.4057920223999998,-0.028511385842826392
Rice,2007,Summer     ,Assam,322889.0,731851,2154.1,43073392.6,51662.24,2.085925926,2.4883846153999998,0.40245868939999996,-0.028511385842826392
Rice,2007,Winter     ,Assam,1646992.0,2238765,2154.1,219708732.8,263518.72,1.36962963,2.4883846153999998,1.1187549853999998,-0.028511385842826392
Wheat,2007,Rabi       ,Assam,56069.0,70797,2154.1,7479604.6,8971.04,1.225185185,1.2713466664000002,0.046161481400000204,-0.0038919316481200567
Rice,2007,Kharif     ,Karnataka,1051466.0,2791181,1323.3,140265564.4,168234.56,2.567586207,2.9473214288,0.37973522179999986,-0.02526597494249578
Rice,2007,Rabi       ,Karnataka,40325.0,86756,1323.3,5379355.0,6452.0,2.255333333,2.9473214288,0.6919880958000002,-0.02526597494249578
Rice,2007,Summer     ,Karnataka,324525.0,990578,1323.3,43291635.0,51924.0,2.846923077,2.9473214288,0.10039835180000001,-0.02526597494249578
Wheat,2007,Rabi       ,Karnataka,275583.0,280384,1323.3,36762772.2,44093.28,1.018,1.0787142858,0.060714285800000045,-0.014056544149348503
Rice,2007,Autumn     ,Kerala,77533.0,168108,3489.6,10342902.2,12405.28,2.07,2.6717857145,0.6017857145000001,-0.015183233252785226
Rice,2007,Summer     ,Kerala,45447.0,109277,3489.6,6062629.8,7271.52,2.335714286,2.6717857145,0.33607142849999994,-0.015183233252785226
Rice,2007,Winter     ,Kerala,105958.0,251103,3489.6,14134797.2,16953.28,2.252857143,2.6717857145,0.41892857149999996,-0.015183233252785226
Rice,2007,Kharif     ,Tamil Nadu,1789170.0,5039954,1067.2,238675278.0,286267.2,3.213793103,4.2939447004,1.0801515974,-0.03916288575278614
Rice,2007,Autumn     ,West Bengal,281618.0,565825,2007.5,37567841.2,45058.88,1.956111111,3.1652222222,1.2091111112000001,-0.02538314263621085
Rice,2007,Summer     ,West Bengal,1511593.0,4926105,2007.5,201646506.2,241854.88,3.048888889,3.1652222222,0.11633333320000006,-0.02538314263621085
Rice,2007,Winter     ,West Bengal,3926544.0,9227590,2007.5,523800969.6,628247.04,2.261666667,3.1652222222,0.9035555552000001,-0.02538314263621085
Wheat,2007,Rabi       ,West Bengal,352579.0,917284,2007.5,47034038.6,56412.64,2.452222222,2.603,0.15077777800000014,-0.02663665735044556
Rice,2008,Kharif     ,Puducherry,4493.0,12290,1434.5875,642678.72,404.37,3.0,3.5283333335,0.5283333335,-0.026797647981538435
Rice,2008,Rabi       ,Puducherry,11306.0,24163,1434.5875,1617210.24,1017.54,2.82,3.5283333335,0.7083333335000002,-0.026797647981538435
Rice,2008,Summer     ,Puducherry,4981.0,14263,1434.5875,712482.24,448.29,2.125,3.5283333335,1.4033333335,-0.026797647981538435
Rice,2008,Kharif     ,Andhra Pradesh,2803076.0,8379635,944.6,400951991.0,252276.84,2.913636364,3.606538462,0.6929020980000002,-0.040348145789222745
Rice,2008,Rabi       ,Andhra Pradesh,1584140.0,5861498,944.6,226595385.6,142572.6,3.236818182,3.606538462,0.3697202800000001,-0.040348145789222745
Wheat,2008,Rabi       ,Andhra Pradesh,13687.0,15421,944.6,1957788.48,1231.83,1.026666667,1.2896666668999999,0.2629999998999999,0.0010057755036590808
Rice,2008,Autumn     ,Assam,350649.0,374010,2109.9,50156832.96,31558.41,1.117777778,2.4883846153999998,1.3706068373999998,-0.028511385842826392
Rice,2008,Summer     ,Assam,360266.0,768582,2109.9,51532448.64,32423.94,1.951153846,2.4883846153999998,0.5372307693999998,-0.028511385842826392
Rice,2008,Winter     ,Assam,1773211.0,2865843,2109.9,253640101.4,159588.99,1.607407407,2.4883846153999998,0.8809772083999998,-0.028511385842826392
Wheat,2008,Rabi       ,Assam,50053.0,54551,2109.9,7159581.12,4504.77,1.045769231,1.2713466664000002,0.2255774354000002,-0.0038919316481200567
Rice,2008,Kharif     ,Karnataka,1129883.0,2906761,1164.1,161618464.3,101689.47,2.513448276,2.9473214288,0.43387315279999994,-0.02526597494249578
Rice,2008,Rabi       ,Karnataka,40982.0,89072,1164.1,5862065.28,3688.38,2.514166667,2.9473214288,0.4331547618,-0.02526597494249578
Rice,2008,Summer     ,Karnataka,343122.0,1035706,1164.1,49080170.88,30880.98,2.786923077,2.9473214288,0.16039835180000006,-0.02526597494249578
Wheat,2008,Rabi       ,Karnataka,268600.0,257181,1164.1,38420544.0,24174.0,1.012857143,1.0787142858,0.0658571428000001,-0.014056544149348503
Rice,2008,Autumn     ,Kerala,79381.0,192770,2524.8,11354658.24,7144.29,2.295384615,2.6717857145,0.3764010994999998,-0.015183233252785226
Rice,2008,Summer     ,Kerala,49762.0,148370,2524.8,7117956.48,4478.58,2.446428571,2.6717857145,0.2253571434999997,-0.015183233252785226
Rice,2008,Winter     ,Kerala,105122.0,249101,2524.8,15036650.88,9460.98,2.260714286,2.6717857145,0.4110714285000001,-0.015183233252785226
Rice,2008,Autumn     ,Meghalaya,32570.0,41908,3114.3,4658812.8,2931.3,1.53,2.5521818184,1.0221818183999998,-0.04611595517529644
Rice,2008,Summer     ,Meghalaya,12752.0,46600,3114.3,1824046.08,1147.68,2.154285714,2.5521818184,0.3978961044,-0.04611595517529644
Rice,2008,Winter     ,Meghalaya,62723.0,115354,3114.3,8971897.92,5645.07,1.802857143,2.5521818184,0.7493246753999998,-0.04611595517529644
Wheat,2008,Rabi       ,Meghalaya,416.0,739,3114.3,59504.64,37.44,1.245,1.6378,0.3927999999999998,-0.00508177570093457
Rice,2008,Kharif     ,Tamil Nadu,1931603.0,5183385,1201.9,276296493.1,173844.27,3.562580645,4.2939447004,0.7313640553999998,-0.03916288575278614
Rice,2008,Autumn     ,West Bengal,292444.0,604968,1560.1,41831189.76,26319.96,2.04,3.1652222222,1.1252222222000001,-0.02538314263621085
Rice,2008,Summer     ,West Bengal,1556662.0,4358011,1560.1,222664932.5,140099.58,2.646666667,3.1652222222,0.5185555552000003,-0.02538314263621085
Rice,2008,Winter     ,West Bengal,4086590.0,10074261,1560.1,584545833.6,367793.1,2.393888889,3.1652222222,0.7713333332000003,-0.02538314263621085
Wheat,2008,Rabi       ,West Bengal,306985.0,764528,1560.1,43911134.4,27628.65,2.172777778,2.603,0.43022222200000027,-0.02663665735044556
Rice,2009,Kharif     ,Puducherry,4650.0,13501,1434.5875,724563.0,790.5,2.893333333,3.5283333335,0.6350000004999998,-0.026797647981538435
Rice,2009,Rabi       ,Puducherry,11178.0,25378,1434.5875,1741755.96,1900.26,2.903333333,3.5283333335,0.6250000005,-0.026797647981538435
Rice,2009,Summer     ,Puducherry,5098.0,13451,1434.5875,794370.36,866.66,1.965,3.5283333335,1.5633333335,-0.026797647981538435
Rice,2009,Kharif     ,Andhra Pradesh,2062870.0,5956396,711.0,321436403.4,350687.9,2.790909091,3.606538462,0.815629371,-0.040348145789222745
Rice,2009,Rabi       ,Andhra Pradesh,1377866.0,4881871,711.0,214699080.1,234237.22,3.098636364,3.606538462,0.5079020980000002,-0.040348145789222745
Wheat,2009,Rabi       ,Andhra Pradesh,9872.0,10319,711.0,1538255.04,1678.24,0.95,1.2896666668999999,0.3396666668999999,0.0010057755036590808
Rice,2009,Autumn     ,Assam,340830.0,334655,1727.1,53108130.6,57941.1,1.070740741,2.4883846153999998,1.4176438743999997,-0.028511385842826392
Rice,2009,Summer     ,Assam,394442.0,859790,1727.1,61461952.44,67055.14,1.903703704,2.4883846153999998,0.5846809113999998,-0.028511385842826392
Rice,2009,Winter     ,Assam,1762324.0,3213979,1727.1,274605325.7,299595.08,1.780740741,2.4883846153999998,0.7076438743999998,-0.028511385842826392
Wheat,2009,Rabi       ,Assam,60067.0,65301,1727.1,9359639.94,10211.39,1.097037037,1.2713466664000002,0.17430962940000017,-0.0038919316481200567
Rice,2009,Kharif     ,Karnataka,1102221.0,2734838,1321.0,171748076.2,187377.57,2.397931034,2.9473214288,0.5493903948000001,-0.02526597494249578
Rice,2009,Rabi       ,Karnataka,37747.0,84636,1321.0,5881737.54,6416.99,2.416666667,2.9473214288,0.5306547618000002,-0.02526597494249578
Rice,2009,Summer     ,Karnataka,346510.0,1057933,1321.0,53993188.2,58906.7,2.806923077,2.9473214288,0.14039835180000004,-0.02526597494249578
Wheat,2009,Rabi       ,Karnataka,283427.0,263877,1321.0,44163595.14,48182.59,0.919285714,1.0787142858,0.15942857180000003,-0.014056544149348503
Rice,2009,Autumn     ,Kerala,77249.0,192050,2821.5,12036939.18,13132.33,2.303076923,2.6717857145,0.3687087915,-0.015183233252785226
Rice,2009,Summer     ,Kerala,49279.0,134005,2821.5,7678653.78,8377.43,2.385,2.6717857145,0.2867857145000001,-0.015183233252785226
Rice,2009,Winter     ,Kerala,107485.0,272284,2821.5,16748312.7,18272.45,2.286428571,2.6717857145,0.38535714349999983,-0.015183233252785226
Rice,2009,Autumn     ,Meghalaya,32560.0,41798,2995.9,5073499.2,5535.2,1.542857143,2.5521818184,1.0093246753999998,-0.04611595517529644
Rice,2009,Summer     ,Meghalaya,12777.0,46943,2995.9,1990912.14,2172.09,2.171428571,2.5521818184,0.38075324739999994,-0.04611595517529644
Rice,2009,Winter     ,Meghalaya,62825.0,115388,2995.9,9789391.5,10680.25,1.802857143,2.5521818184,0.7493246753999998,-0.04611595517529644
Wheat,2009,Rabi       ,Meghalaya,405.0,718,2995.9,63107.1,68.85,1.25,1.6378,0.3877999999999999,-0.00508177570093457
Rice,2009,Kharif     ,Tamil Nadu,1845553.0,5665258,928.5,287574068.5,313744.01,3.539677419,4.2939447004,0.7542672813999998,-0.03916288575278614
Rice,2010,Kharif     ,Puducherry,4384.0,12602,1434.5875,728226.24,1052.16,2.673333333,3.5283333335,0.8550000005,-0.026797647981538435
Rice,2010,Rabi       ,Puducherry,10920.0,26585,1434.5875,1813921.2,2620.8,3.446666667,3.5283333335,0.08166666649999987,-0.026797647981538435
Rice,2010,Summer     ,Puducherry,4710.0,12773,1434.5875,782378.1,1130.4,2.7,3.5283333335,0.8283333334999998,-0.026797647981538435
Rice,2010,Autumn     ,Assam,307988.0,355825,2578.5,51159886.68,73917.12,1.272592593,2.4883846153999998,1.2157920223999998,-0.028511385842826392
Rice,2010,Summer     ,Assam,398785.0,1027575,2578.5,66242176.35,95708.4,2.342222222,2.4883846153999998,0.1461623933999996,-0.028511385842826392
Rice,2010,Winter     ,Assam,1830682.0,3649129,2578.5,304094587.0,439363.68,1.958888889,2.4883846153999998,0.5294957263999998,-0.028511385842826392
Wheat,2010,Rabi       ,Assam,44772.0,56216,2578.5,7437076.92,10745.28,1.196666667,1.2713466664000002,0.07467999940000025,-0.0038919316481200567
Rice,2010,Kharif     ,Andhra Pradesh,2921793.0,7509866,1297.0,485339035.2,701230.32,2.666818182,3.606538462,0.93972028,-0.040348145789222745
Rice,2010,Rabi       ,Andhra Pradesh,1829516.0,6909447,1297.0,303900902.8,439083.84,3.325909091,3.606538462,0.28062937099999985,-0.040348145789222745
Rice,2010,Kharif     ,Karnataka,1129304.0,3192746,1317.7,187588687.4,271032.96,2.654,2.9473214288,0.2933214288000001,-0.02526597494249578
Rice,2010,Rabi       ,Karnataka,49700.0,117501,1317.7,8255667.0,11928.0,2.668333333,2.9473214288,0.27898809579999995,-0.02526597494249578
Rice,2010,Summer     ,Karnataka,360062.0,1163725,1317.7,59809898.82,86414.88,2.935714286,2.9473214288,0.01160714279999997,-0.02526597494249578
Rice,2010,Autumn     ,Kerala,70498.28,170262,3131.8,11710469.29,16919.5872,2.236923077,2.6717857145,0.43486263749999976,-0.015183233252785226
Rice,2010,Summer     ,Kerala,51132.63,137465,3131.8,8493641.169,12271.8312,2.48,2.6717857145,0.19178571449999993,-0.015183233252785226
Rice,2010,Winter     ,Kerala,91555.59,215011,3131.8,15208299.05,21973.3416,2.202142857,2.6717857145,0.4696428574999998,-0.015183233252785226
Rice,2010,Autumn     ,Meghalaya,32596.0,42492,3119.7,5414521.56,7823.04,1.53,2.5521818184,1.0221818183999998,-0.04611595517529644
Rice,2010,Rabi       ,Meghalaya,12797.0,47413,3119.7,2125709.67,3071.28,2.077142857,2.5521818184,0.4750389613999997,-0.04611595517529644
Rice,2010,Winter     ,Meghalaya,62892.0,117116,3119.7,10446990.12,15094.08,1.828571429,2.5521818184,0.7236103893999999,-0.04611595517529644
Wheat,2010,Rabi       ,Meghalaya,393.0,704,3119.7,65281.23,94.32,1.2475,1.6378,0.39029999999999987,-0.00508177570093457
Rice,2011,Kharif     ,Puducherry,4237.0,12794,1434.5875,709782.24,1398.21,3.046666667,3.5283333335,0.4816666664999998,-0.026797647981538435
Rice,2011,Rabi       ,Puducherry,10324.0,23489,1434.5875,1729476.48,3406.92,2.856666667,3.5283333335,0.6716666665000002,-0.026797647981538435
Rice,2011,Summer     ,Puducherry,2015.0,5831,1434.5875,337552.8,664.95,2.49,3.5283333335,1.0383333334999998,-0.026797647981538435
Rice,2011,Autumn     ,Assam,276486.0,338015,1743.4,46316934.72,91240.38,1.268518519,2.4883846153999998,1.2198660963999999,-0.028511385842826392
Rice,2011,Winter     ,Assam,1875601.0,3297591,1743.4,314200679.5,618948.33,1.797037037,2.4883846153999998,0.6913475783999998,-0.028511385842826392
Wheat,2011,Rabi       ,Assam,40194.0,48592,1743.4,6733298.88,13264.02,1.169615385,1.2713466664000002,0.1017312814000002,-0.0038919316481200567
Rice,2011,Kharif     ,Andhra Pradesh,2873949.0,8563334,861.9,481443936.5,948403.17,2.909090909,3.606538462,0.6974475529999999,-0.040348145789222745
Rice,2011,Rabi       ,Andhra Pradesh,1221899.0,4328458,861.9,204692520.5,403226.67,3.031818182,3.606538462,0.5747202800000002,-0.040348145789222745
Rice,2011,Kharif     ,Karnataka,1117720.0,3218289,1178.986364,187240454.4,368847.6,2.702666667,2.9473214288,0.24465476180000012,-0.02526597494249578
Rice,2011,Rabi       ,Karnataka,43192.0,94196,1178.986364,7235523.84,14253.36,2.378181818,2.9473214288,0.5691396108000002,-0.02526597494249578
Rice,2011,Summer     ,Karnataka,255223.0,869134,1178.986364,42754956.96,84223.59,2.931428571,2.9473214288,0.015892857799999938,-0.02526597494249578
Wheat,2011,Rabi       ,Karnataka,225472.0,200932,1178.986364,37771069.44,74405.76,0.981333333,1.0787142858,0.09738095280000003,-0.014056544149348503
Rice,2011,Autumn     ,Kerala,68134.83,171662,3035.1,11413946.72,22484.4939,2.301538462,2.6717857145,0.3702472525,-0.015183233252785226
Rice,2011,Winter     ,Kerala,92734.9,248114,3035.1,15534950.45,30602.517,2.426428571,2.6717857145,0.2453571434999997,-0.015183233252785226
Rice,2011,Autumn     ,Meghalaya,32605.0,43401,4083.104545,5461989.6,10759.65,1.511428571,2.5521818184,1.0407532473999999,-0.04611595517529644
Rice,2011,Rabi       ,Meghalaya,12836.0,54206,4083.104545,2150286.72,4235.88,2.07,2.5521818184,0.48218181839999996,-0.04611595517529644
Rice,2011,Winter     ,Meghalaya,63434.0,125124,4083.104545,10626463.68,20933.22,1.91,2.5521818184,0.6421818183999999,-0.04611595517529644
Wheat,2011,Rabi       ,Meghalaya,395.0,710,4083.104545,66170.4,130.35,1.34,1.6378,0.29779999999999984,-0.00508177570093457
Rice,2011,Kharif     ,Tamil Nadu,1903772.0,7458657,926.5,318919885.4,628244.76,4.226451613,4.2939447004,0.06749308739999993,-0.03916288575278614
Rice,2012,Kharif     ,Andhra Pradesh,2487000.0,7167000,968.7,375039600.0,770970.0,2.969545455,3.606538462,0.636993007,-0.040348145789222745
Rice,2012,Rabi       ,Andhra Pradesh,1141000.0,4344000,968.7,172062800.0,353710.0,3.243636364,3.606538462,0.3629020980000002,-0.040348145789222745
Wheat,2012,Rabi       ,Andhra Pradesh,8000.0,9000,968.7,1206400.0,2480.0,1.25,1.2896666668999999,0.03966666689999987,0.0010057755036590808
Rice,2012,Autumn     ,Assam,238178.0,308745,2167.5,35917242.4,73835.18,1.291481481,2.4883846153999998,1.1969031343999998,-0.028511385842826392
Rice,2012,Winter     ,Assam,1857410.0,3655430,2167.5,280097428.0,575797.1,1.968888889,2.4883846153999998,0.5194957263999997,-0.028511385842826392
Wheat,2012,Rabi       ,Assam,33984.0,44190,2167.5,5124787.2,10535.04,1.2508,1.2713466664000002,0.020546666400000246,-0.0038919316481200567
Rice,2012,Kharif     ,Karnataka,1048427.0,2667359,956.2,158102791.6,325012.37,2.418333333,2.9473214288,0.5289880958,-0.02526597494249578
Rice,2012,Rabi       ,Karnataka,45326.0,109309,956.2,6835160.8,14051.06,2.394615385,2.9473214288,0.5527060438000002,-0.02526597494249578
Rice,2012,Summer     ,Karnataka,185162.0,587711,956.2,27922429.6,57400.22,2.747777778,2.9473214288,0.19954365079999992,-0.02526597494249578
Wheat,2012,Rabi       ,Karnataka,225274.0,178871,956.2,33971319.2,69834.94,0.846428571,1.0787142858,0.23228571480000004,-0.014056544149348503
Rice,2012,Autumn     ,Kerala,63232.0,161083,2187.6,9535385.6,19601.92,2.41,2.6717857145,0.26178571449999977,-0.015183233252785226
Rice,2012,Summer     ,Kerala,47294.0,134609,2187.6,7131935.2,14661.14,2.482142857,2.6717857145,0.18964285749999998,-0.015183233252785226
Rice,2012,Winter     ,Kerala,86751.0,212607,2187.6,13082050.8,26892.81,2.355,2.6717857145,0.3167857144999999,-0.015183233252785226
Wheat,2012,Whole Year ,Kerala,1.0,0,2187.6,150.8,0.31,0.0,2.4000000000000004,2.4000000000000004,-0.23486486486486155
Rice,2012,Autumn     ,Meghalaya,33000.0,66000,2945.3,4976400.0,10230.0,2.232857143,2.5521818184,0.31932467539999987,-0.04611595517529644
Rice,2012,Rabi       ,Meghalaya,13267.0,56786,2945.3,2000663.6,4112.77,2.13,2.5521818184,0.4221818183999999,-0.04611595517529644
Rice,2012,Winter     ,Meghalaya,63484.0,142867,2945.3,9573387.2,19680.04,2.118571429,2.5521818184,0.43361038939999963,-0.04611595517529644
Wheat,2012,Rabi       ,Meghalaya,406.0,742,2945.3,61224.8,125.86,1.356666667,1.6378,0.2811333329999999,-0.00508177570093457
Rice,2013,Kharif     ,Andhra Pradesh,1705555.0,4356822,1062.3,246435642.0,460499.85,2.715384615,3.606538462,0.891153847,-0.040348145789222745
Rice,2013,Rabi       ,Andhra Pradesh,877885.0,3636603,1062.3,126845603.7,237028.95,3.408461538,3.606538462,0.198076924,-0.040348145789222745
Wheat,2013,Rabi       ,Andhra Pradesh,348.0,249,1062.3,50282.52,93.96,0.68,1.2896666668999999,0.6096666668999998,0.0010057755036590808
Rice,2013,Autumn     ,Assam,223332.0,294440,1797.7,32269240.68,60299.64,1.386296296,2.4883846153999998,1.1020883193999997,-0.028511385842826392
Rice,2013,Winter     ,Assam,1880737.0,3709081,1797.7,271747689.1,507798.99,1.982592593,2.4883846153999998,0.5057920223999999,-0.028511385842826392
Wheat,2013,Rabi       ,Assam,31294.0,40444,1797.7,4521670.06,8449.38,1.232,1.2713466664000002,0.039346666400000174,-0.0038919316481200567
Rice,2013,Kharif     ,Goa,28330.0,80114,3642.6,4093401.7,7649.1,2.82,2.968,0.14800000000000013,-0.008664310092638022
Rice,2013,Kharif     ,Karnataka,1035111.0,3057894,1235.6,149563188.4,279479.97,2.792666667,2.9473214288,0.15465476179999982,-0.02526597494249578
Rice,2013,Rabi       ,Karnataka,40896.0,102639,1235.6,5909063.04,11041.92,2.545833333,2.9473214288,0.4014880958,-0.02526597494249578
Wheat,2013,Rabi       ,Karnataka,209079.0,210041,1235.6,30209824.71,56451.33,1.068571429,1.0787142858,0.010142856800000155,-0.014056544149348503
Rice,2013,Autumn     ,Kerala,51922.0,141234,3255.4,7502209.78,14018.94,2.416923077,2.6717857145,0.25486263750000004,-0.015183233252785226
Rice,2013,Winter     ,Kerala,100824.0,285614,3255.4,14568059.76,27222.48,2.506428571,2.6717857145,0.16535714350000008,-0.015183233252785226
Rice,2013,Autumn     ,Meghalaya,22569.0,48727,2448.4,3260994.81,6093.63,2.448571429,2.5521818184,0.1036103894,-0.04611595517529644
Rice,2013,Rabi       ,Meghalaya,13444.0,58685,2448.4,1942523.56,3629.88,2.396363636,2.5521818184,0.1558181824,-0.04611595517529644
Rice,2013,Winter     ,Meghalaya,46424.0,111289,2448.4,6707803.76,12534.48,2.238571429,2.5521818184,0.31361038939999997,-0.04611595517529644
Wheat,2013,Rabi       ,Meghalaya,422.0,789,2448.4,60974.78,113.94,1.506,1.6378,0.13179999999999992,-0.00508177570093457
Rice,2014,Kharif     ,Andhra Pradesh,1634921.0,5097447,687.6,246807674.2,539523.93,3.184615385,3.606538462,0.4219230770000002,-0.040348145789222745
Rice,2014,Rabi       ,Andhra Pradesh,759034.0,3358137,687.6,114583772.6,250481.22,3.541538462,3.606538462,0.06499999999999995,-0.040348145789222745
Wheat,2014,Rabi       ,Andhra Pradesh,320.0,256,687.6,48307.2,105.6,1.02,1.2896666668999999,0.26966666689999985,0.0010057755036590808
Rice,2014,Autumn     ,Assam,196188.0,280693,1899.0,29616540.48,64742.04,1.531481481,2.4883846153999998,0.9569031343999999,-0.028511385842826392
Rice,2014,Winter     ,Assam,1882756.0,3717906,1899.0,284220845.8,621309.48,1.977777778,2.4883846153999998,0.5106068373999997,-0.028511385842826392
Wheat,2014,Rabi       ,Assam,23646.0,28769,1899.0,3569600.16,7803.18,1.199615385,1.2713466664000002,0.07173128140000018,-0.0038919316481200567
Rice,2014,Kharif     ,Goa,27840.0,81269,3491.2,4202726.4,9187.2,2.925,2.968,0.04300000000000015,-0.008664310092638022
Rice,2014,Rabi       ,Goa,14130.0,39236,3491.2,2133064.8,4662.9,2.775,2.968,0.19300000000000006,-0.008664310092638022
Rice,2014,Kharif     ,Karnataka,1000025.0,3057611,1238.5,150963774.0,330008.25,2.812333333,2.9473214288,0.13498809579999982,-0.02526597494249578
Rice,2014,Rabi       ,Karnataka,48096.0,118479,1238.5,7260572.16,15871.68,2.493846154,2.9473214288,0.45347527480000016,-0.02526597494249578
Rice,2014,Summer     ,Karnataka,278414.0,851657,1238.5,42029377.44,91876.62,2.852,2.9473214288,0.09532142880000016,-0.02526597494249578
Rice,2014,Autumn     ,Kerala,63981.0,161477,3046.4,9658571.76,21113.73,2.215384615,2.6717857145,0.45640109949999985,-0.015183233252785226
Rice,2014,Winter     ,Kerala,88990.0,254450,3046.4,13433930.4,29366.7,2.500714286,2.6717857145,0.1710714284999999,-0.015183233252785226
Rice,2014,Autumn     ,Meghalaya,33102.0,76631,3484.4,4997077.92,10923.66,2.507272727,2.5521818184,0.04490909139999966,-0.04611595517529644
Rice,2014,Rabi       ,Meghalaya,13620.0,62687,3484.4,2056075.2,4494.6,2.505454545,2.5521818184,0.046727273399999714,-0.04611595517529644
Rice,2014,Winter     ,Meghalaya,63601.0,158920,3484.4,9601206.96,20988.33,2.319090909,2.5521818184,0.2330909094,-0.04611595517529644
Wheat,2014,Rabi       ,Meghalaya,442.0,844,3484.4,66724.32,145.86,1.568,1.6378,0.06979999999999986,-0.00508177570093457
Rice,2015,Kharif     ,Andhra Pradesh,1398884.0,4115558,940.7,220897772.4,461631.72,3.091538462,3.606538462,0.5150000000000001,-0.040348145789222745
Wheat,2015,Rabi       ,Andhra Pradesh,164.0,115,940.7,25897.24,54.12,0.696666667,1.2896666668999999,0.5929999998999999,0.0010057755036590808
Rice,2015,Kharif     ,Puducherry,3817.0,12250,1980.6,602742.47,1259.61,2.273333333,3.5283333335,1.2550000005,-0.026797647981538435
Rice,2015,Rabi       ,Puducherry,8505.0,19587,1980.6,1343024.55,2806.65,2.47,3.5283333335,1.0583333334999998,-0.026797647981538435
Rice,2015,Summer     ,Puducherry,3941.0,12049,1980.6,622323.31,1300.53,2.225,3.5283333335,1.3033333335,-0.026797647981538435
Rice,2015,Autumn     ,Assam,191322.0,256729,2155.3,30211657.02,63136.26,1.398888889,2.4883846153999998,1.0894957263999998,-0.028511385842826392
Rice,2015,Summer     ,Assam,404982.0,1141336,2155.3,63950707.62,133644.06,2.488076923,2.4883846153999998,0.0003076923999998371,-0.028511385842826392
Rice,2015,Winter     ,Assam,1888683.0,3727039,2155.3,298241932.5,623265.39,1.965925926,2.4883846153999998,0.5224586893999998,-0.028511385842826392
Wheat,2015,Rabi       ,Assam,20975.0,24489,2155.3,3312162.25,6921.75,1.1756,1.2713466664000002,0.09574666640000018,-0.0038919316481200567
Rice,2015,Autumn     ,Meghalaya,33136.0,77453,3870.8,5232505.76,10934.88,2.551818182,2.5521818184,0.0003636363999999226,-0.04611595517529644
Rice,2015,Winter     ,Meghalaya,63670.0,160722,3870.8,10054129.7,21011.1,2.347272727,2.5521818184,0.2049090913999998,-0.04611595517529644
Rice,2015,Kharif     ,Goa,27730.0,78489,2587.1,4378844.3,9150.9,2.83,2.968,0.1379999999999999,-0.008664310092638022
Rice,2015,Rabi       ,Goa,13614.0,36579,2587.1,2149786.74,4492.62,2.76,2.968,0.20800000000000018,-0.008664310092638022
Rice,2015,Kharif     ,Karnataka,977005.0,2641669,1024.9,154278859.5,322411.65,2.525666667,2.9473214288,0.42165476180000017,-0.02526597494249578
Rice,2015,Rabi       ,Karnataka,29329.0,71420,1024.9,4631342.39,9678.57,2.456428571,2.9473214288,0.4908928578,-0.02526597494249578
Rice,2015,Summer     ,Karnataka,103711.0,307524,1024.9,16377004.01,34224.63,2.785769231,2.9473214288,0.16155219779999985,-0.02526597494249578
Wheat,2015,Rabi       ,Karnataka,173856.0,128988,1024.9,27453600.96,57372.48,0.854285714,1.0787142858,0.2244285718000001,-0.014056544149348503
Rice,2015,Autumn     ,Kerala,60418.0,160894,2602.9,9540606.38,19937.94,2.327692308,2.6717857145,0.34409340649999987,-0.015183233252785226
Rice,2015,Summer     ,Kerala,47334.0,144706,2602.9,7474511.94,15620.22,2.67,2.6717857145,0.0017857144999999797,-0.015183233252785226
Rice,2015,Winter     ,Kerala,89118.0,243675,2602.9,14072623.38,29408.94,2.370714286,2.6717857145,0.3010714284999998,-0.015183233252785226
Wheat,2015,Whole Year ,Kerala,2.0,3,2602.9,315.82,0.66,1.5,2.4000000000000004,0.9000000000000004,-0.23486486486486155
Rice,2015,Kharif     ,Tamil Nadu,2000212.0,7374681,1201.9,315853476.9,660069.96,4.061290323,4.2939447004,0.23265437740000028,-0.03916288575278614
Rice,2016,Kharif     ,Andhra Pradesh,1519656.0,5233690,890.0,232887282.0,531879.6,3.361538462,3.606538462,0.2450000000000001,-0.040348145789222745
Rice,2016,Kharif     ,Puducherry,3693.0,13151,1391.3,565952.25,1292.55,3.24,3.5283333335,0.2883333334999998,-0.026797647981538435
Rice,2016,Rabi       ,Puducherry,8412.0,23024,1391.3,1289139.0,2944.2,3.436666667,3.5283333335,0.0916666665000001,-0.026797647981538435
Rice,2016,Summer     ,Puducherry,4100.0,15989,1391.3,628325.0,1435.0,2.535,3.5283333335,0.9933333334999999,-0.026797647981538435
Rice,2016,Autumn     ,Assam,168044.0,228206,2296.8,25752743.0,58815.4,1.405185185,2.4883846153999998,1.0831994303999999,-0.028511385842826392
Rice,2016,Summer     ,Assam,408132.0,1131872,2296.8,62546229.0,142846.2,2.412692308,2.4883846153999998,0.07569230739999977,-0.028511385842826392
Rice,2016,Winter     ,Assam,1890960.0,3767357,2296.8,289789620.0,661836.0,1.996666667,2.4883846153999998,0.4917179483999998,-0.028511385842826392
Wheat,2016,Rabi       ,Assam,17452.0,23459,2296.8,2674519.0,6108.2,1.2684,1.2713466664000002,0.0029466664000001863,-0.0038919316481200567
Rice,2016,Winter     ,Meghalaya,63862.0,162180,3837.1,9786851.5,22351.7,2.359090909,2.5521818184,0.19309090939999995,-0.04611595517529644
Wheat,2016,Rabi       ,Meghalaya,456.0,878,3837.1,69882.0,159.6,1.632,1.6378,0.005800000000000027,-0.00508177570093457
Rice,2016,Kharif     ,Goa,27630.0,77109,3266.9,4234297.5,9670.5,2.795,2.968,0.17300000000000004,-0.008664310092638022
Rice,2016,Rabi       ,Goa,13193.0,36118,3266.9,2021827.25,4617.55,2.745,2.968,0.22299999999999986,-0.008664310092638022
Rice,2016,Kharif     ,Karnataka,942025.0,2611754,1147.2,144365331.3,329708.75,2.529666667,2.9473214288,0.41765476180000016,-0.02526597494249578
Rice,2016,Rabi       ,Karnataka,18686.0,49615,1147.2,2863629.5,6540.1,2.525333333,2.9473214288,0.4219880958000002,-0.02526597494249578
Rice,2016,Summer     ,Karnataka,73832.0,212837,1147.2,11314754.0,25841.2,2.852692308,2.9473214288,0.09462912080000008,-0.02526597494249578
Wheat,2016,Rabi       ,Karnataka,168242.0,171429,1147.2,25783086.5,58884.7,0.944285714,1.0787142858,0.1344285718,-0.014056544149348503
Rice,2016,Autumn     ,Kerala,56601.0,167181,2924.3,8674103.25,19810.35,2.524615385,2.6717857145,0.14717032949999975,-0.015183233252785226
Rice,2016,Summer     ,Kerala,42544.0,127905,2924.3,6519868.0,14890.4,2.534285714,2.6717857145,0.13750000049999977,-0.015183233252785226
Rice,2016,Winter     ,Kerala,72253.0,141397,2924.3,11072772.25,25288.55,2.102142857,2.6717857145,0.5696428574999999,-0.015183233252785226
Wheat,2016,Whole Year ,Kerala,1.0,1,2924.3,153.25,0.35,1.0,2.4000000000000004,1.4000000000000004,-0.23486486486486155
Rice,2016,Kharif     ,Tamil Nadu,1442841.0,3554113,912.4,221115383.3,504994.35,3.068387097,4.2939447004,1.2255576034,-0.03916288575278614
Rice,2017,Kharif     ,Andhra Pradesh,1476928.0,4941933,868.2,232527544.3,561232.64,3.25,3.606538462,0.35653846200000006,-0.040348145789222745
Wheat,2017,Kharif     ,Andhra Pradesh,11.0,8,868.2,1731.84,4.18,0.85,1.2896666668999999,0.4396666668999999,0.0010057755036590808
Wheat,2017,Rabi       ,Andhra Pradesh,38.0,27,868.2,5982.72,14.44,0.716666667,1.2896666668999999,0.5729999998999998,0.0010057755036590808
Rice,2017,Kharif     ,Puducherry,4325.0,15281,1582.4,680928.0,1643.5,3.256666667,3.5283333335,0.2716666664999998,-0.026797647981538435
Rice,2017,Rabi       ,Puducherry,8749.0,25188,1582.4,1377442.56,3324.62,3.27,3.5283333335,0.2583333335,-0.026797647981538435
Rice,2017,Summer     ,Puducherry,4297.0,15518,1582.4,676519.68,1632.86,2.85,3.5283333335,0.6783333334999999,-0.026797647981538435
Rice,2017,Autumn     ,Assam,154511.0,209349,2098.563636,24326211.84,58714.18,1.418148148,2.4883846153999998,1.0702364673999998,-0.028511385842826392
Rice,2017,Winter     ,Assam,1878798.0,3883120,2098.563636,295797957.1,713943.24,2.063703704,2.4883846153999998,0.42468091139999986,-0.028511385842826392
Rice,2017,Autumn     ,Meghalaya,33575.0,78848,4472.3,5286048.0,12758.5,2.551818182,2.5521818184,0.0003636363999999226,-0.04611595517529644
Rice,2017,Winter     ,Meghalaya,63883.0,162272,4472.3,10057739.52,24275.54,2.36,2.5521818184,0.19218181839999993,-0.04611595517529644
Wheat,2017,Rabi       ,Meghalaya,460.0,887,4472.3,72422.4,174.8,1.636,1.6378,0.0018000000000000238,-0.00508177570093457
Rice,2017,Kharif     ,Goa,27219.0,71279,2772.5,4285359.36,10343.22,2.635,2.968,0.3330000000000002,-0.008664310092638022
Rice,2017,Rabi       ,Goa,11301.0,31718,2772.5,1779229.44,4294.38,2.855,2.968,0.11299999999999999,-0.008664310092638022
Rice,2017,Kharif     ,Karnataka,737547.0,2123100,1111.7,116119399.7,280267.86,2.9,2.9473214288,0.04732142880000012,-0.02526597494249578
Rice,2017,Rabi       ,Karnataka,30634.0,81726,1111.7,4823016.96,11640.92,2.773076923,2.9473214288,0.17424450579999995,-0.02526597494249578
Wheat,2017,Rabi       ,Karnataka,193338.0,219087,1111.7,30439134.72,73468.44,1.065333333,1.0787142858,0.013380952799999957,-0.014056544149348503
Rice,2017,Autumn     ,Kerala,58278.0,148913,2664.8,9175288.32,22145.64,2.217692308,2.6717857145,0.45409340649999974,-0.015183233252785226
Rice,2017,Winter     ,Kerala,81115.0,218934,2664.8,12770745.6,30823.7,2.483571429,2.6717857145,0.18821428549999997,-0.015183233252785226
Wheat,2017,Whole Year ,Kerala,1.0,1,2664.8,157.44,0.38,1.0,2.4000000000000004,1.4000000000000004,-0.23486486486486155
Rice,2017,Autumn     ,Tamil Nadu,235255.0,906616,970.9,37038547.2,89396.9,3.967857143,4.2939447004,0.32608755740000017,-0.03916288575278614
Rice,2017,Winter     ,Tamil Nadu,1317338.0,4497284,970.9,207401694.7,500588.44,4.139,4.2939447004,0.15494470039999975,-0.03916288575278614
Rice,2018,Kharif     ,Andhra Pradesh,1563887.0,5243250,1220.5,253662471.4,547360.45,3.263846154,3.606538462,0.34269230800000017,-0.040348145789222745
Wheat,2018,Rabi       ,Andhra Pradesh,102.0,19,1220.5,16544.4,35.7,0.095,1.2896666668999999,1.1946666669,0.0010057755036590808
Rice,2018,Kharif     ,Puducherry,4298.0,16082,1693.9,697135.6,1504.3,3.373333333,3.5283333335,0.15500000049999985,-0.026797647981538435
Rice,2018,Summer     ,Puducherry,4515.0,16626,1693.9,732333.0,1580.25,2.885,3.5283333335,0.6433333335000002,-0.026797647981538435
Rice,2018,Autumn     ,Assam,144766.0,209122,2372.9,23481045.2,50668.1,1.492592593,2.4883846153999998,0.9957920223999999,-0.028511385842826392
Rice,2018,Winter     ,Assam,1879539.0,4082738,2372.9,304861225.8,657838.65,2.15,2.4883846153999998,0.33838461539999987,-0.028511385842826392
Rice,2018,Autumn     ,Meghalaya,33494.0,78214,5649.1,5432726.8,11722.9,2.545454545,2.5521818184,0.006727273399999678,-0.04611595517529644
Rice,2018,Winter     ,Meghalaya,63814.0,161706,5649.1,10350630.8,22334.9,2.352727273,2.5521818184,0.19945454539999963,-0.04611595517529644
Rice,2018,Kharif     ,Goa,25841.0,70272,4406.0,4191410.2,9044.35,2.72,2.968,0.24799999999999978,-0.008664310092638022
Rice,2018,Rabi       ,Goa,10543.0,28582,4406.0,1710074.6,3690.05,2.72,2.968,0.24799999999999978,-0.008664310092638022
Rice,2018,Kharif     ,Karnataka,1037158.0,2949318,1419.1,168227027.6,363005.3,2.637,2.9473214288,0.3103214288,-0.02526597494249578
Rice,2018,Rabi       ,Karnataka,11442.0,28334,1419.1,1855892.4,4004.7,2.480833333,2.9473214288,0.46648809579999995,-0.02526597494249578
Rice,2018,Summer     ,Karnataka,150993.0,484330,1419.1,24491064.6,52847.55,2.9272,2.9473214288,0.020121428800000007,-0.02526597494249578
Wheat,2018,Rabi       ,Karnataka,157525.0,163113,1419.1,25550555.0,55133.75,0.960740741,1.0787142858,0.11797354480000011,-0.014056544149348503
Rice,2018,Autumn     ,Kerala,60718.46,101943,2989.7,9848534.212,21251.461,1.565384615,2.6717857145,1.1064010995,-0.015183233252785226
Wheat,2018,Whole Year ,Kerala,1.4,2,2989.7,227.08,0.49,1.45,2.4000000000000004,0.9500000000000004,-0.23486486486486155
Rice,2018,Autumn     ,Tamil Nadu,279647.0,1198496,986.2,45358743.4,97876.45,4.184827586,4.2939447004,0.10911711440000005,-0.03916288575278614
Rice,2018,Summer     ,Tamil Nadu,236904.0,992095,986.2,38425828.8,82916.4,3.997333333,4.2939447004,0.29661136740000016,-0.03916288575278614
Rice,2018,Winter     ,Tamil Nadu,1204714.0,3940959,986.2,195404610.8,421649.9,3.749032258,4.2939447004,0.5449124423999998,-0.03916288575278614
Rice,2019,Kharif     ,Andhra Pradesh,1526425.0,5342033,899.2,262178758.0,564777.25,3.517692308,3.606538462,0.08884615400000007,-0.040348145789222745
Wheat,2019,Rabi       ,Andhra Pradesh,37.0,11,899.2,6355.12,13.69,0.155,1.2896666668999999,1.1346666668999998,0.0010057755036590808
Rice,2019,Kharif     ,Puducherry,4323.0,15171,1317.0,742518.48,1599.51,3.216666667,3.5283333335,0.31166666649999986,-0.026797647981538435
Rice,2019,Autumn     ,Assam,127223.0,193215,2084.7,21851822.48,47072.51,1.464814815,2.4883846153999998,1.0235698003999998,-0.028511385842826392
Rice,2019,Winter     ,Assam,1878208.0,3996018,2084.7,322601006.1,694936.96,2.137037037,2.4883846153999998,0.35134757839999997,-0.028511385842826392
Rice,2019,Autumn     ,Meghalaya,33480.0,78074,3844.4,5750524.8,12387.6,2.510909091,2.5521818184,0.04127272739999999,-0.04611595517529644
Rice,2019,Winter     ,Meghalaya,63889.0,162321,3844.4,10973574.64,23638.93,2.36,2.5521818184,0.19218181839999993,-0.04611595517529644
Rice,2019,Kharif     ,Goa,24411.0,60556,4489.5,4192833.36,9032.07,2.475,2.968,0.4929999999999999,-0.008664310092638022
Rice,2019,Rabi       ,Goa,10287.0,29819,4489.5,1766895.12,3806.19,2.95,2.968,0.017999999999999794,-0.008664310092638022
Rice,2019,Kharif     ,Karnataka,964087.0,3088937,1422.3,165591583.1,356712.19,2.924,2.9473214288,0.0233214288000001,-0.02526597494249578
Rice,2019,Rabi       ,Karnataka,11266.0,31038,1422.3,1935048.16,4168.42,2.881428571,2.9473214288,0.0658928578000002,-0.02526597494249578
Rice,2019,Summer     ,Karnataka,272701.0,827998,1422.3,46839123.76,100899.37,2.86862069,2.9473214288,0.07870073879999984,-0.02526597494249578
Rice,2019,Autumn     ,Kerala,55895.0,145076,3119.2,9600525.2,20681.15,1.949230769,2.6717857145,0.7225549455,-0.015183233252785226
Rice,2019,Winter     ,Kerala,81279.0,247879,3119.2,13960481.04,30073.23,2.503571429,2.6717857145,0.16821428549999995,-0.015183233252785226
Wheat,2019,Whole Year ,Kerala,1.0,2,3119.2,171.76,0.37,2.0,2.4000000000000004,0.40000000000000036,-0.23486486486486155
Rice,2019,Autumn     ,Tamil Nadu,206535.0,847692,910.1,35474451.6,76417.95,4.077241379,4.2939447004,0.21670332139999982,-0.03916288575278614
Rice,2019,Summer     ,Tamil Nadu,339990.0,1463054,910.1,58396682.4,125796.3,4.095,4.2939447004,0.19894470040000023,-0.03916288575278614
Rice,2019,Winter     ,Tamil Nadu,1360882.0,4954415,910.1,233745092.3,503526.34,3.818387097,4.2939447004,0.4755576034,-0.03916288575278614
Wheat,1997,Rabi       ,Odisha,5162.0,6360,1496.6,491267.54,1600.22,0.856666667,1.6570158734,0.8003492064,-0.013329642350231633
Rice,1997,Kharif     ,Andhra Pradesh,2382500.0,5218300,927.5,226742525.0,738575.0,1.99173913,3.606538462,1.614799332,-0.040348145789222745
Rice,1997,Rabi       ,Andhra Pradesh,1117700.0,3291700,927.5,106371509.0,346487.0,2.64,3.606538462,0.9665384619999999,-0.040348145789222745
Wheat,1997,Rabi       ,Andhra Pradesh,11000.0,6000,927.5,1046870.0,3410.0,0.55375,1.2896666668999999,0.7359166668999999,0.0010057755036590808
Rice,1997,Autumn     ,Bihar,749671.0,892725,1303.7,71346189.07,232398.01,1.102244898,2.4173135014000002,1.3150686034000003,-0.03139790996179946
Rice,1997,Summer     ,Bihar,124429.0,236446,1303.7,11841907.93,38572.99,1.683265306,2.4173135014000002,0.7340481954000002,-0.03139790996179946
Rice,1997,Winter     ,Bihar,4238204.0,6004120,1303.7,403349874.7,1313843.24,1.354363636,2.4173135014000002,1.0629498654000002,-0.03139790996179946
Wheat,1997,Rabi       ,Bihar,2067610.0,4048699,1303.7,196774443.7,640959.1,1.811090909,2.8600526312000003,1.0489617222000003,-0.03770118343832975
Rice,1997,Whole Year ,Gujarat,672600.0,1042300,798.9,64011342.0,208506.0,1.665,3.1420606064,1.4770606063999998,-0.03721874456602503
Wheat,1997,Rabi       ,Gujarat,694000.0,1647100,798.9,66047980.0,215140.0,2.36,3.0332275,0.6732275000000003,-0.029867610732680034
Wheat,1997,Rabi       ,Madhya Pradesh,4507600.0,7088900,1189.1,428988292.0,1397356.0,1.475681818,3.2639607844,1.7882789664,-0.07945078682031362
Rice,1997,Summer     ,Maharashtra,329.0,646,1156.1,31310.93,101.99,2.018888889,2.5297916665,0.5109027775000001,-0.004910060240706449
Wheat,1997,Rabi       ,Maharashtra,747300.0,670600,1156.1,71120541.0,231663.0,0.8476,1.6967999998,0.8491999998,-0.014068680620906084
Rice,1997,Whole Year ,Mizoram,68114.0,110573,2644.2,6482409.38,21115.34,1.6,2.3105,0.7105000000000001,-0.013935060165558935
Wheat,1997,Rabi       ,Mizoram,22.0,11,2644.2,2093.74,6.82,0.5,1.258,0.758,-0.19000000000001477
Rice,1997,Kharif     ,Punjab,2281000.0,7904000,690.1,217082770.0,707110.0,3.476470588,4.0065545456,0.5300839576,-0.030264221302923056
Wheat,1997,Rabi       ,Punjab,3300000.0,12715000,690.1,314061000.0,1023000.0,3.781176471,5.0055454544,1.2243689833999998,-0.029615890455251995
Rice,1997,Kharif     ,Uttar Pradesh,5726527.0,12262794,473.9,544993574.6,1775223.37,2.037,2.5863199999,0.5493199999000002,-0.022382130578575948
Rice,1997,Summer     ,Uttar Pradesh,6607.0,18281,473.9,628788.19,2048.17,2.202903226,2.5863199999,0.38341677390000006,-0.022382130578575948
Wheat,1997,Rabi       ,Uttar Pradesh,9152928.0,22830886,473.9,871084157.8,2837407.68,2.416,3.631626667,1.215626667,-0.0330016622187964
Rice,1998,Kharif     ,Andhra Pradesh,2812400.0,7005800,1048.3,277865120.0,815596.0,2.47,3.606538462,1.1365384619999999,-0.040348145789222745
Rice,1998,Rabi       ,Andhra Pradesh,1504200.0,4872200,1048.3,148614960.0,436218.0,2.986086957,3.606538462,0.6204515050000001,-0.040348145789222745
Wheat,1998,Rabi       ,Andhra Pradesh,11500.0,6400,1048.3,1136200.0,3335.0,0.468888889,1.2896666668999999,0.8207777778999998,0.0010057755036590808
Rice,1998,Summer     ,Bihar,132836.0,270992,1332.5,13124196.8,38522.44,1.765777778,2.4173135014000002,0.6515357234000003,-0.03139790996179946
Rice,1998,Winter     ,Bihar,4234443.0,5722449,1332.5,418362968.4,1227988.47,1.242909091,2.4173135014000002,1.1744044104000002,-0.03139790996179946
Wheat,1998,Rabi       ,Bihar,2121335.0,4403655,1332.5,209587898.0,615187.15,1.889272727,2.8600526312000003,0.9707799042000003,-0.03770118343832975
Rice,1998,Kharif     ,Gujarat,622100.0,1015900,775.6,61463480.0,180409.0,1.695384615,3.1420606064,1.4466759913999998,-0.03721874456602503
Wheat,1998,Rabi       ,Gujarat,705400.0,1702600,775.6,69693520.0,204566.0,2.425263158,3.0332275,0.6079643420000003,-0.029867610732680034
Rice,1998,Kharif     ,Haryana,1086694.0,2432000,687.6,107365367.2,315141.26,2.286666667,3.0865714284,0.7999047614000001,-0.02539124459924147
Wheat,1998,Rabi       ,Haryana,2185662.0,8563000,687.6,215943405.6,633841.98,3.825789474,4.736900433,0.9111109589999997,-0.037498547764244536
Rice,1998,Kharif     ,Himachal Pradesh,82125.0,116997,1381.6,8113950.0,23816.25,1.455454545,1.6833636360000002,0.22790909100000012,-0.008601833320900254
Wheat,1998,Rabi       ,Himachal Pradesh,379718.0,481267,1381.6,37516138.4,110118.22,1.363333333,1.8347499997,0.47141666670000015,-0.006310316858826909
Rice,1998,Kharif     ,Madhya Pradesh,5438800.0,3346300,962.7,537353440.0,1577252.0,0.586785714,1.8426666667,1.2558809527,-0.04386481251071414
Wheat,1998,Rabi       ,Madhya Pradesh,4577900.0,8179600,962.7,452296520.0,1327591.0,1.618983051,3.2639607844,1.6449777334,-0.07945078682031362
Rice,1998,Kharif     ,Maharashtra,1445700.0,2395100,1314.8,142835160.0,419253.0,1.267241379,2.5297916665,1.2625502875,-0.004910060240706449
Rice,1998,Summer     ,Maharashtra,37400.0,72500,1314.8,3695120.0,10846.0,2.053333333,2.5297916665,0.4764583335000001,-0.004910060240706449
Wheat,1998,Rabi       ,Maharashtra,1015500.0,1308500,1314.8,100331400.0,294495.0,1.265,1.6967999998,0.43179999980000017,-0.014068680620906084
Rice,1998,Kharif     ,Punjab,2519000.0,7940000,588.6,248877200.0,730510.0,3.099411765,4.0065545456,0.9071427806000001,-0.030264221302923056
Wheat,1998,Rabi       ,Punjab,3338000.0,14460000,588.6,329794400.0,968020.0,4.298823529,5.0055454544,0.7067219254000001,-0.029615890455251995
Rice,1998,Kharif     ,Tamil Nadu,2386399.0,8215286,1077.1,235776221.2,692055.71,3.445,4.2939447004,0.8489447004000001,-0.03916288575278614
Rice,1998,Kharif     ,Tripura,255487.0,491430,2472.9,25242115.6,74091.23,1.8775,3.109,1.2315,-0.007632106413994544
Wheat,1998,Rabi       ,Tripura,1110.0,2100,2472.9,109668.0,321.9,1.9025,2.2276428568,0.3251428568000001,-0.0058513337031468006
Rice,1998,Kharif     ,Uttar Pradesh,5875153.0,11374070,743.4,580465116.4,1703794.37,1.865060241,2.5863199999,0.7212597589000003,-0.022382130578575948
Rice,1998,Summer     ,Uttar Pradesh,5629.0,12643,743.4,556145.2,1632.41,2.015172414,2.5863199999,0.5711475859000004,-0.022382130578575948
Wheat,1998,Rabi       ,Uttar Pradesh,9317904.0,23465191,743.4,920608915.2,2702192.16,2.37373494,3.631626667,1.257891727,-0.0330016622187964
Rice,1999,Kharif     ,Bihar,744230.0,862282,1402.7,78985129.9,200942.1,1.061666667,2.4173135014000002,1.3556468344000003,-0.03139790996179946
Rice,1999,Summer     ,Bihar,124874.0,246807,1402.7,13252877.62,33715.98,1.700666667,2.4173135014000002,0.7166468344000003,-0.03139790996179946
Wheat,1999,Rabi       ,Bihar,2080847.0,4583515,1402.7,220840292.1,561828.69,2.113513514,2.8600526312000003,0.7465391172000002,-0.03770118343832975
Rice,1999,Kharif     ,Gujarat,664400.0,984900,458.9,70512772.0,179388.0,1.510714286,3.1420606064,1.6313463203999998,-0.03721874456602503
Wheat,1999,Rabi       ,Gujarat,482100.0,1020000,458.9,51165273.0,130167.0,2.239473684,3.0332275,0.7937538160000002,-0.029867610732680034
Rice,1999,Kharif     ,Haryana,1083052.0,2563000,344.0,114944308.8,292424.04,2.235,3.0865714284,0.8515714284000002,-0.02539124459924147
Wheat,1999,Rabi       ,Haryana,2316531.0,9650000,344.0,245853435.0,625463.37,4.054210526,4.736900433,0.6826899069999994,-0.037498547764244536
Rice,1999,Kharif     ,Himachal Pradesh,80222.0,120365,1144.9,8513960.86,21659.94,1.55,1.6833636360000002,0.13336363600000012,-0.008601833320900254
Wheat,1999,Rabi       ,Himachal Pradesh,370587.0,583300,1144.9,39330398.31,100058.49,1.5775,1.8347499997,0.2572499997000002,-0.006310316858826909
Rice,1999,Kharif     ,Karnataka,1096198.0,2678951,1203.8,116339493.7,295973.46,2.292962963,2.9473214288,0.6543584658000001,-0.02526597494249578
Rice,1999,Rabi       ,Karnataka,52778.0,107289,1203.8,5601329.14,14250.06,2.079285714,2.9473214288,0.8680357148,-0.02526597494249578
Rice,1999,Summer     ,Karnataka,300820.0,930490,1203.8,31926026.6,81221.4,2.7336,2.9473214288,0.2137214288,-0.02526597494249578
Wheat,1999,Rabi       ,Karnataka,261275.0,217613,1203.8,27729115.75,70544.25,0.880555556,1.0787142858,0.19815872980000004,-0.014056544149348503
Rice,1999,Kharif     ,Madhya Pradesh,5514025.0,6663769,1222.9,585203473.3,1488786.75,1.110508475,1.8426666667,0.7321581917,-0.04386481251071414
Wheat,1999,Rabi       ,Madhya Pradesh,4661524.0,8685197,1222.9,494727542.1,1258611.48,1.877777778,3.2639607844,1.3861830064,-0.07945078682031362
Rice,1999,Kharif     ,Maharashtra,1457100.0,2466400,1166.5,154642023.0,393417.0,1.211935484,2.5297916665,1.3178561825,-0.004910060240706449
Rice,1999,Summer     ,Maharashtra,41400.0,82900,1166.5,4393782.0,11178.0,2.081,2.5297916665,0.4487916665,-0.004910060240706449
Wheat,1999,Rabi       ,Maharashtra,1041800.0,1425900,1166.5,110566234.0,281286.0,1.299655172,1.6967999998,0.39714482780000004,-0.014068680620906084
Rice,1999,Kharif     ,Nagaland,148000.0,222000,1782.2,15707240.0,39960.0,1.484285714,2.703333333,1.2190476189999997,-0.05846861003677185
Rice,1999,Autumn     ,Odisha,797000.0,743000,1484.3,84585610.0,215190.0,0.971333333,2.5893733770000003,1.6180400440000002,-0.028418741316709618
Rice,1999,Summer     ,Odisha,381810.0,912040,1484.3,40521495.3,103088.7,2.073333333,2.5893733770000003,0.5160400440000004,-0.028418741316709618
Rice,1999,Winter     ,Odisha,3423000.0,3532000,1484.3,363282990.0,924210.0,1.142666667,2.5893733770000003,1.4467067100000002,-0.028418741316709618
Wheat,1999,Rabi       ,Odisha,18540.0,24850,1484.3,1967650.2,5005.8,1.351333333,1.6570158734,0.3056825404000001,-0.013329642350231633
Rice,1999,Kharif     ,Punjab,2604000.0,8716000,364.4,276362520.0,703080.0,3.332352941,4.0065545456,0.6742016046000003,-0.030264221302923056
Wheat,1999,Rabi       ,Punjab,3388000.0,15910000,364.4,359568440.0,914760.0,4.651764706,5.0055454544,0.3537807484000002,-0.029615890455251995
Rice,1999,Kharif     ,Tamil Nadu,2204046.0,7225373,922.8,233915402.0,595092.42,3.499642857,4.2939447004,0.7943018434,-0.03916288575278614
Rice,1999,Kharif     ,Uttar Pradesh,6079822.0,13230539,883.4,645251508.9,1641551.94,1.991707317,2.5863199999,0.5946126829000002,-0.022382130578575948
Rice,1999,Summer     ,Uttar Pradesh,6052.0,16186,883.4,642298.76,1634.04,2.190384615,2.5863199999,0.3959353849,-0.022382130578575948
Wheat,1999,Rabi       ,Uttar Pradesh,9381878.0,26050768,883.4,995698712.1,2533107.06,2.636419753,3.631626667,0.9952069139999997,-0.0330016622187964
Rice,2000,Autumn     ,Bihar,2939790.0,4444354,1207.0,288599184.3,764345.4,1.399189189,2.4173135014000002,1.0181243124000001,-0.03139790996179946
Rice,2000,Kharif     ,Bihar,591705.0,786858,1207.0,58087679.85,153843.3,1.310645161,2.4173135014000002,1.1066683404000002,-0.03139790996179946
Rice,2000,Summer     ,Bihar,125349.0,213158,1207.0,12305511.33,32590.74,1.590645161,2.4173135014000002,0.8266683404000001,-0.03139790996179946
Wheat,2000,Rabi       ,Bihar,2067333.0,4437958,1207.0,202950080.6,537506.58,2.073513514,2.8600526312000003,0.7865391172000002,-0.03770118343832975
Rice,2000,Kharif     ,Chhattisgarh,3769746.0,2369295,896.4,370075964.8,980133.96,0.6575,1.9303095241,1.2728095241,-0.03818290138278522
Wheat,2000,Rabi       ,Chhattisgarh,77844.0,79488,896.4,7641945.48,20239.44,1.214375,1.6692307694000001,0.45485576940000016,-0.026485417028806763
Rice,2000,Kharif     ,Gujarat,583500.0,472600,379.7,57282195.0,151710.0,0.8725,3.1420606064,2.2695606064,-0.03721874456602503
Wheat,2000,Rabi       ,Gujarat,286100.0,649000,379.7,28086437.0,74386.0,2.346842105,3.0332275,0.6863853950000003,-0.029867610732680034
Rice,2000,Kharif     ,Haryana,1054282.0,2695000,383.7,103498863.9,274113.32,2.443157895,3.0865714284,0.6434135334,-0.02539124459924147
Wheat,2000,Rabi       ,Haryana,2354779.0,9669000,383.7,231168654.4,612242.54,3.990526316,4.736900433,0.7463741169999998,-0.037498547764244536
Rice,2000,Kharif     ,Himachal Pradesh,81519.0,124893,1068.4,8002720.23,21194.94,1.55,1.6833636360000002,0.13336363600000012,-0.008601833320900254
Wheat,2000,Rabi       ,Himachal Pradesh,362660.0,261319,1068.4,35602332.2,94291.6,0.803333333,1.8347499997,1.0314166667000002,-0.006310316858826909
Rice,2000,Kharif     ,Madhya Pradesh,1697346.0,975274,723.3,166628456.8,441309.96,0.613555556,1.8426666667,1.2291111107,-0.04386481251071414
Wheat,2000,Rabi       ,Madhya Pradesh,3299120.0,4861992,723.3,323874610.4,857771.2,1.499333333,3.2639607844,1.7646274514,-0.07945078682031362
Rice,2000,Kharif     ,Maharashtra,1486400.0,1879200,1057.8,145919888.0,386464.0,0.9865625,2.5297916665,1.5432291665,-0.004910060240706449
Rice,2000,Summer     ,Maharashtra,25100.0,50500,1057.8,2464067.0,6526.0,1.987,2.5297916665,0.5427916664999999,-0.004910060240706449
Wheat,2000,Rabi       ,Maharashtra,754200.0,947600,1057.8,74039814.0,196092.0,1.197,1.6967999998,0.4997999998,-0.014068680620906084
Rice,2000,Kharif     ,Mizoram,51839.0,103673,2834.3,5089034.63,13478.14,1.8875,2.3105,0.42300000000000026,-0.013935060165558935
Rice,2000,Kharif     ,Nagaland,150000.0,230000,1631.8,14725500.0,39000.0,1.5025,2.703333333,1.2008333329999998,-0.05846861003677185
Rice,2000,Rabi       ,Nagaland,1680.0,3330,1631.8,164925.6,436.8,1.98,2.703333333,0.7233333329999998,-0.05846861003677185
Wheat,2000,Rabi       ,Nagaland,5000.0,10000,1631.8,490850.0,1300.0,2.0675,2.0675,0.0,-0.006476481794960914
Rice,2000,Autumn     ,Odisha,854570.0,464250,1066.0,83893136.9,222188.2,0.733666667,2.5893733770000003,1.8557067100000002,-0.028418741316709618
Rice,2000,Summer     ,Odisha,206730.0,441540,1066.0,20294684.1,53749.8,1.685333333,2.5893733770000003,0.9040400440000003,-0.028418741316709618
Rice,2000,Winter     ,Odisha,3372220.0,3707590,1066.0,331050837.4,876777.2,1.020666667,2.5893733770000003,1.5687067100000003,-0.028418741316709618
Wheat,2000,Rabi       ,Odisha,8819.0,12904,1066.0,865761.23,2292.94,1.201538462,1.6570158734,0.4554774114,-0.013329642350231633
Rice,2000,Kharif     ,Punjab,2611000.0,9154000,405.3,256321870.0,678860.0,3.501764706,4.0065545456,0.5047898396000003,-0.030264221302923056
Wheat,2000,Rabi       ,Punjab,3408000.0,15551000,405.3,334563360.0,886080.0,4.503529412,5.0055454544,0.5020160424000002,-0.029615890455251995
Rice,2000,Kharif     ,Tamil Nadu,2113344.0,7217903,971.1,207466980.5,549469.44,3.611785714,4.2939447004,0.6821589864000002,-0.03916288575278614
Rice,2000,Kharif     ,Uttar Pradesh,5904128.0,11672250,874.4,579608245.8,1535073.28,1.894782609,2.5863199999,0.6915373909000002,-0.022382130578575948
Rice,2000,Summer     ,Uttar Pradesh,3023.0,6899,874.4,296767.91,785.98,2.083181818,2.5863199999,0.5031381819000003,-0.022382130578575948
Wheat,2000,Rabi       ,Uttar Pradesh,9239311.0,25168332,874.4,907023160.9,2402220.86,2.68057971,3.631626667,0.951046957,-0.0330016622187964
Rice,2000,Kharif     ,Uttarakhand,285545.0,579074,1413.4,28031952.65,74241.7,1.649230769,3.563333333,1.914102564,-0.026755330127029565
Rice,2000,Rabi       ,Uttarakhand,3062.0,9578,1413.4,300596.54,796.12,3.125,3.563333333,0.4383333330000001,-0.026755330127029565
Wheat,2000,Rabi       ,Uttarakhand,377340.0,711036,1413.4,37043467.8,98108.4,1.550769231,2.216153846,0.665384615,-0.02716342003107162
Rice,2001,Autumn     ,Bihar,2844474.0,4354156,1247.0,290506129.6,739563.24,1.409189189,2.4173135014000002,1.0081243124000003,-0.03139790996179946
Rice,2001,Kharif     ,Bihar,126106.0,243661,1247.0,12879205.78,32787.56,1.792903226,2.4173135014000002,0.6244102754000003,-0.03139790996179946
Rice,2001,Summer     ,Bihar,593959.0,703404,1247.0,60661032.67,154429.34,1.098275862,2.4173135014000002,1.3190376394000003,-0.03139790996179946
Wheat,2001,Rabi       ,Bihar,2181543.0,4499130,1247.0,222800986.6,567201.18,1.977567568,2.8600526312000003,0.8824850632000003,-0.03770118343832975
Rice,2001,Kharif     ,Chhattisgarh,3810112.0,5073721,1550.0,389126738.6,990629.12,1.34375,1.9303095241,0.5865595240999999,-0.03818290138278522
Wheat,2001,Rabi       ,Chhattisgarh,97861.0,103480,1550.0,9994543.93,25443.86,1.195,1.6692307694000001,0.4742307694000001,-0.026485417028806763
Rice,2001,Kharif     ,Gujarat,664000.0,1028700,666.5,67814320.0,172640.0,1.533571429,3.1420606064,1.6084891773999999,-0.03721874456602503
Rice,2001,Summer     ,Gujarat,3800.0,11500,666.5,388094.0,988.0,2.935,3.1420606064,0.2070606063999998,-0.03721874456602503
Wheat,2001,Rabi       ,Gujarat,470100.0,1144700,666.5,48011313.0,122226.0,2.474736842,3.0332275,0.5584906580000002,-0.029867610732680034
Rice,2001,Kharif     ,Haryana,1027505.0,2726000,483.8,104939085.6,267151.3,2.645555556,3.0865714284,0.44101587239999995,-0.02539124459924147
Wheat,2001,Rabi       ,Haryana,2299876.0,9437000,483.8,234886335.9,597967.76,3.979473684,4.736900433,0.757426749,-0.037498547764244536
Rice,2001,Kharif     ,Himachal Pradesh,80579.0,137418,918.1,8229533.27,20950.54,1.654545455,1.6833636360000002,0.02881818100000011,-0.008601833320900254
Wheat,2001,Rabi       ,Himachal Pradesh,366518.0,637068,918.1,37432483.34,95294.68,1.72,1.8347499997,0.1147499997000001,-0.006310316858826909
Rice,2001,Kharif     ,Madhya Pradesh,1766150.0,1685799,955.0,180376899.5,459199.0,0.849333333,1.8426666667,0.9933333337,-0.04386481251071414
Wheat,2001,Rabi       ,Madhya Pradesh,3691707.0,5993596,955.0,377034035.9,959843.82,1.654888889,3.2639607844,1.6090718954,-0.07945078682031362
Rice,2001,Kharif     ,Maharashtra,1487200.0,2590400,1035.8,151887736.0,386672.0,1.261875,2.5297916665,1.2679166665,-0.004910060240706449
Rice,2001,Summer     ,Maharashtra,26800.0,60800,1035.8,2737084.0,6968.0,2.192,2.5297916665,0.3377916664999998,-0.004910060240706449
Wheat,2001,Rabi       ,Maharashtra,776000.0,1077400,1035.8,79252880.0,201760.0,1.313793103,1.6967999998,0.3830068968,-0.014068680620906084
Rice,2001,Kharif     ,Mizoram,55880.0,105713,2406.4,5707024.4,14528.8,1.825,2.3105,0.48550000000000026,-0.013935060165558935
Rice,2001,Kharif     ,Nagaland,155000.0,235000,1532.0,15830150.0,40300.0,1.485,2.703333333,1.2183333329999997,-0.05846861003677185
Rice,2001,Rabi       ,Nagaland,1500.0,2000,1532.0,153195.0,390.0,1.76,2.703333333,0.9433333329999998,-0.05846861003677185
Wheat,2001,Rabi       ,Nagaland,6000.0,12350,1532.0,612780.0,1560.0,2.04,2.0675,0.027499999999999858,-0.006476481794960914
Rice,2001,Kharif     ,Odisha,4500000.0,7220000,1672.5,459585000.0,1170000.0,1.583666667,2.5893733770000003,1.0057067100000003,-0.028418741316709618
Wheat,2001,Rabi       ,Odisha,6976.0,10565,1672.5,712458.88,1813.76,1.1288,1.6570158734,0.5282158734,-0.013329642350231633
Rice,2001,Kharif     ,Punjab,2487000.0,8816000,479.3,253997310.0,646620.0,3.517058824,4.0065545456,0.48949572160000043,-0.030264221302923056
Wheat,2001,Rabi       ,Punjab,3420000.0,15499000,479.3,349284600.0,889200.0,4.487058824,5.0055454544,0.5184866304,-0.029615890455251995
Rice,2001,Kharif     ,Tamil Nadu,2059878.0,6583630,481.3,210375340.1,535568.28,3.532857143,4.2939447004,0.7610875573999998,-0.03916288575278614
Rice,2001,Kharif     ,Uttar Pradesh,6068496.0,12849116,849.9,619775496.5,1577808.96,2.016086957,2.5863199999,0.5702330429,-0.022382130578575948
Rice,2001,Summer     ,Uttar Pradesh,2829.0,6741,849.9,288925.77,735.54,2.097777778,2.5863199999,0.48854222189999996,-0.022382130578575948
Wheat,2001,Rabi       ,Uttar Pradesh,9255937.0,25498002,849.9,945308845.8,2406543.62,2.729565217,3.631626667,0.9020614499999997,-0.0330016622187964
Rice,2001,Kharif     ,Uttarakhand,280816.0,567662,1541.3,28679738.08,73012.16,1.608461538,3.563333333,1.954871795,-0.026755330127029565
Rice,2001,Rabi       ,Uttarakhand,3761.0,11855,1541.3,384110.93,977.86,2.2625,3.563333333,1.300833333,-0.026755330127029565
Wheat,2001,Rabi       ,Uttarakhand,375967.0,721618,1541.3,38397509.71,97751.42,1.616153846,2.216153846,0.6000000000000001,-0.02716342003107162
Rice,2002,Autumn     ,Bihar,583274.0,682933,1105.8,55218549.58,145818.5,1.060714286,2.4173135014000002,1.3565992154000002,-0.03139790996179946
Rice,2002,Summer     ,Bihar,120354.0,197607,1105.8,11393913.18,30088.5,1.625517241,2.4173135014000002,0.7917962604000002,-0.03139790996179946
Rice,2002,Winter     ,Bihar,2881073.0,4205026,1105.8,272751180.9,720268.25,1.345945946,2.4173135014000002,1.0713675554000002,-0.03139790996179946
Wheat,2002,Rabi       ,Bihar,2130933.0,4040610,1105.8,201735427.1,532733.25,1.844054054,2.8600526312000003,1.0159985772000002,-0.03770118343832975
Rice,2002,Kharif     ,Chhattisgarh,3777661.0,2634853,1001.4,357631166.9,944415.25,0.710625,1.9303095241,1.2196845240999998,-0.03818290138278522
Wheat,2002,Rabi       ,Chhattisgarh,93846.0,98592,1001.4,8884400.82,23461.5,1.185,1.6692307694000001,0.4842307694000001,-0.026485417028806763
Rice,2002,Kharif     ,Gujarat,469000.0,541700,458.4,44400230.0,117250.0,1.209230769,3.1420606064,1.9328298374,-0.03721874456602503
Wheat,2002,Rabi       ,Gujarat,435600.0,856600,458.4,41238252.0,108900.0,2.185789474,3.0332275,0.8474380260000003,-0.029867610732680034
Rice,2002,Kharif     ,Haryana,905651.0,2468000,353.9,85737980.17,226412.75,2.495,3.0865714284,0.5915714284,-0.02539124459924147
Wheat,2002,Rabi       ,Haryana,2267140.0,9188000,353.9,214630143.8,566785.0,3.947894737,4.736900433,0.7890056959999998,-0.037498547764244536
Rice,2002,Kharif     ,Himachal Pradesh,83273.0,85653,890.8,7883454.91,20818.25,1.133636364,1.6833636360000002,0.5497272720000002,-0.008601833320900254
Wheat,2002,Rabi       ,Himachal Pradesh,359439.0,495558,890.8,34028090.13,89859.75,1.389166667,1.8347499997,0.44558333270000006,-0.006310316858826909
Rice,2002,Kharif     ,Karnataka,1030464.0,2103709,860.8,97554026.88,257616.0,2.035185185,2.9473214288,0.9121362438,-0.02526597494249578
Rice,2002,Rabi       ,Karnataka,50456.0,102312,860.8,4776669.52,12614.0,2.000666667,2.9473214288,0.9466547618000001,-0.02526597494249578
Rice,2002,Summer     ,Karnataka,73863.0,184064,860.8,6992610.21,18465.75,2.378,2.9473214288,0.5693214287999999,-0.02526597494249578
Wheat,2002,Rabi       ,Karnataka,246855.0,147748,860.8,23369762.85,61713.75,0.572142857,1.0787142858,0.5065714288000001,-0.014056544149348503
Rice,2002,Kharif     ,Madhya Pradesh,1671107.0,1024930,800.8,158203699.7,417776.75,0.608,1.8426666667,1.2346666667,-0.04386481251071414
Wheat,2002,Rabi       ,Madhya Pradesh,3369481.0,4916044,800.8,318988766.3,842370.25,1.500666667,3.2639607844,1.7632941174,-0.07945078682031362
Rice,2002,Kharif     ,Maharashtra,1496800.0,1793000,967.4,141702056.0,374200.0,0.8903125,2.5297916665,1.6394791665000001,-0.004910060240706449
Rice,2002,Summer     ,Maharashtra,26500.0,61100,967.4,2508755.0,6625.0,2.288,2.5297916665,0.24179166650000017,-0.004910060240706449
Wheat,2002,Rabi       ,Maharashtra,759800.0,983900,967.4,71930266.0,189950.0,1.234333333,1.6967999998,0.46246666680000015,-0.014068680620906084
Rice,2002,Kharif     ,Meghalaya,107742.0,190937,4355.3,10199935.14,26935.5,1.767142857,2.5521818184,0.7850389613999997,-0.04611595517529644
Wheat,2002,Rabi       ,Meghalaya,2714.0,4745,4355.3,256934.38,678.5,1.455,1.6378,0.18279999999999985,-0.00508177570093457
Rice,2002,Kharif     ,Mizoram,57067.0,109205,2627.0,5402532.89,14266.75,1.89,2.3105,0.4205000000000003,-0.013935060165558935
Rice,2002,Kharif     ,Nagaland,150000.0,223400,1536.6,14200500.0,37500.0,1.46375,2.703333333,1.2395833329999997,-0.05846861003677185
Rice,2002,Kharif     ,Odisha,4273000.0,3278000,1102.8,404524910.0,1068250.0,0.753333333,2.5893733770000003,1.8360400440000002,-0.028418741316709618
Wheat,2002,Rabi       ,Odisha,4627.0,5767,1102.8,438038.09,1156.75,1.133636364,1.6570158734,0.5233795094,-0.013329642350231633
Rice,2002,Kharif     ,Punjab,2530000.0,8880000,301.8,239515100.0,632500.0,3.438823529,4.0065545456,0.5677310166000002,-0.030264221302923056
Wheat,2002,Rabi       ,Punjab,3375000.0,14175000,301.8,319511250.0,843750.0,4.13,5.0055454544,0.8755454544000001,-0.029615890455251995
Rice,2002,Kharif     ,Uttarakhand,271219.0,511526,1610.3,25676302.73,67804.75,1.461538462,3.563333333,2.101794871,-0.026755330127029565
Rice,2002,Rabi       ,Uttarakhand,4090.0,11649,1610.3,387200.3,1022.5,2.8,3.563333333,0.7633333330000003,-0.026755330127029565
Wheat,2002,Rabi       ,Uttarakhand,374802.0,721653,1610.3,35482505.34,93700.5,1.650769231,2.216153846,0.5653846150000001,-0.02716342003107162
Rice,2002,Autumn     ,Jharkhand,136359.61,89082,1041.2,12909164.28,34089.9025,1.516666667,1.817916667,0.30125,-0.013243453171185455
Rice,2002,Winter     ,Jharkhand,922658.68,974008,1041.2,87348097.24,230664.67,1.062222222,1.817916667,0.755694445,-0.013243453171185455
Wheat,2002,Rabi       ,Jharkhand,57203.69,78365,1041.2,5415473.332,14300.9225,1.42125,2.0730833334,0.6518333334000002,-0.03585568697142837
Rice,2003,Autumn     ,Bihar,553904.0,688189,1353.9,54825417.92,132936.96,1.141666667,2.4173135014000002,1.2756468344000003,-0.03139790996179946
Rice,2003,Kharif     ,Bihar,190236.0,270831,1353.9,18829559.28,45656.64,1.42,2.4173135014000002,0.9973135014000003,-0.03139790996179946
Rice,2003,Summer     ,Bihar,116885.0,169902,1353.9,11569277.3,28052.4,1.324642857,2.4173135014000002,1.0926706444000003,-0.03139790996179946
Rice,2003,Winter     ,Bihar,2907199.0,4589705,1353.9,287754557.0,697727.76,1.456315789,2.4173135014000002,0.9609977124000002,-0.03139790996179946
Wheat,2003,Rabi       ,Bihar,2076839.0,3688941,1353.9,205565524.2,498441.36,1.747105263,2.8600526312000003,1.1129473682000004,-0.03770118343832975
Rice,2003,Kharif     ,Chhattisgarh,3828992.0,5567644,1643.7,378993628.2,918958.08,1.4375,1.9303095241,0.4928095240999999,-0.03818290138278522
Wheat,2003,Rabi       ,Chhattisgarh,106109.0,113138,1643.7,10502668.82,25466.16,1.20875,1.6692307694000001,0.46048076940000016,-0.026485417028806763
Rice,2003,Kharif     ,Delhi,6549.0,17909,962.3,648220.02,1571.76,2.73,3.2350000000000003,0.5050000000000003,-0.0553333333333339
Wheat,2003,Rabi       ,Delhi,18973.0,82893,962.3,1877947.54,4553.52,4.37,4.416,0.04600000000000026,-0.034804002760522666
Rice,2003,Kharif     ,Gujarat,651400.0,1193200,902.5,64475572.0,156336.0,1.7125,3.1420606064,1.4295606064,-0.03721874456602503
Wheat,2003,Rabi       ,Gujarat,759500.0,2036500,902.5,75175310.0,182280.0,2.68875,3.0332275,0.3444775,-0.029867610732680034
Rice,2003,Kharif     ,Haryana,1015191.0,2790000,592.3,100483605.2,243645.84,2.733333333,3.0865714284,0.35323809540000006,-0.02539124459924147
Wheat,2003,Rabi       ,Haryana,2315496.0,9114000,592.3,229187794.1,555719.04,3.825789474,4.736900433,0.9111109589999997,-0.037498547764244536
Rice,2003,Autumn     ,Jharkhand,614160.1,418254,1258.3,60789566.7,147398.424,0.74,1.817916667,1.077916667,-0.013243453171185455
Rice,2003,Winter     ,Jharkhand,1437560.59,1525099,1258.3,142289747.2,345014.5416,0.998636364,1.817916667,0.819280303,-0.013243453171185455
Wheat,2003,Rabi       ,Jharkhand,60269.7,80183,1258.3,5965494.906,14464.728,1.360909091,2.0730833334,0.7121742424000002,-0.03585568697142837
Rice,2003,Kharif     ,Madhya Pradesh,1708583.0,1743430,1163.0,169115545.3,410059.92,0.997916667,1.8426666667,0.8447499997,-0.04386481251071414
Wheat,2003,Rabi       ,Madhya Pradesh,4078974.0,7357255,1163.0,403736846.5,978953.76,1.797916667,3.2639607844,1.4660441174,-0.07945078682031362
Rice,2003,Kharif     ,Maharashtra,1500400.0,2768600,1037.4,148509592.0,360096.0,1.232258065,2.5297916665,1.2975336015,-0.004910060240706449
Rice,2003,Summer     ,Maharashtra,29500.0,65500,1037.4,2919910.0,7080.0,2.217,2.5297916665,0.3127916664999999,-0.004910060240706449
Wheat,2003,Rabi       ,Maharashtra,664700.0,778200,1037.4,65792006.0,159528.0,1.171666667,1.6967999998,0.5251333328000001,-0.014068680620906084
Rice,2003,Kharif     ,Manipur,157830.0,381240,687.7,15622013.4,37879.2,2.305555556,2.3375555556,0.031999999599999995,0.004299556429973661
Rice,2003,Kharif     ,Mizoram,59196.0,114630,2499.5,5859220.08,14207.04,1.925,2.3105,0.3855000000000002,-0.013935060165558935
Rice,2003,Kharif     ,Nagaland,155000.0,220990,1709.8,15341900.0,37200.0,1.36,2.703333333,1.3433333329999997,-0.05846861003677185
Rice,2003,Rabi       ,Nagaland,1000.0,2000,1709.8,98980.0,240.0,1.945,2.703333333,0.7583333329999997,-0.05846861003677185
Wheat,2003,Rabi       ,Nagaland,10000.0,19500,1709.8,989800.0,2400.0,1.86625,2.0675,0.20124999999999993,-0.006476481794960914
Rice,2003,Kharif     ,Odisha,4501000.0,6801000,1648.2,445508980.0,1080240.0,1.516333333,2.5893733770000003,1.0730400440000003,-0.028418741316709618
Wheat,2003,Rabi       ,Odisha,5129.0,7517,1648.2,507668.42,1230.96,1.377407407,1.6570158734,0.27960846640000003,-0.013329642350231633
Rice,2003,Kharif     ,Punjab,2614000.0,9656000,451.7,258733720.0,627360.0,3.678235294,4.0065545456,0.3283192516000004,-0.030264221302923056
Wheat,2003,Rabi       ,Punjab,3444000.0,14489000,451.7,340887120.0,826560.0,4.166470588,5.0055454544,0.8390748663999998,-0.029615890455251995
Rice,2003,Kharif     ,Uttar Pradesh,5719933.0,12476923,1075.6,566158968.3,1372783.92,2.066285714,2.5863199999,0.5200342859,-0.022382130578575948
Rice,2003,Summer     ,Uttar Pradesh,7839.0,18016,1075.6,775904.22,1881.36,2.1595,2.5863199999,0.4268199999000002,-0.022382130578575948
Wheat,2003,Rabi       ,Uttar Pradesh,9443104.0,26349910,1075.6,934678433.9,2266344.96,2.767428571,3.631626667,0.864198096,-0.0330016622187964
Rice,2003,Kharif     ,Uttarakhand,271671.0,520831,1734.3,26889995.58,65201.04,1.640769231,3.563333333,1.9225641020000002,-0.026755330127029565
Wheat,2003,Rabi       ,Uttarakhand,383387.0,729653,1734.3,37947645.26,92012.88,1.525384615,2.216153846,0.690769231,-0.02716342003107162
Rice,2004,Kharif     ,Andhra Pradesh,2215067.0,6392717,781.8,239980358.8,465164.07,2.720454545,3.606538462,0.8860839170000001,-0.040348145789222745
Rice,2004,Rabi       ,Andhra Pradesh,871135.0,3208328,781.8,94378765.9,182938.35,2.83,3.606538462,0.776538462,-0.040348145789222745
Wheat,2004,Rabi       ,Andhra Pradesh,9174.0,4605,781.8,993911.16,1926.54,0.387272727,1.2896666668999999,0.9023939398999998,0.0010057755036590808
Rice,2004,Autumn     ,Assam,436244.0,286330,2536.9,47262674.96,91611.24,0.802173913,2.4883846153999998,1.6862107024,-0.028511385842826392
Rice,2004,Summer     ,Assam,311437.0,610136,2536.9,33741084.58,65401.77,1.764347826,2.4883846153999998,0.7240367893999997,-0.028511385842826392
Rice,2004,Winter     ,Assam,1636050.0,2574284,2536.9,177249657.0,343570.5,1.551304348,2.4883846153999998,0.9370802673999998,-0.028511385842826392
Wheat,2004,Rabi       ,Assam,63854.0,68083,2536.9,6917942.36,13409.34,1.056956522,1.2713466664000002,0.21439014440000026,-0.0038919316481200567
Rice,2004,Autumn     ,Bihar,534477.0,477325,1147.8,57905238.18,112240.17,0.788148148,2.4173135014000002,1.6291653534000003,-0.03139790996179946
Rice,2004,Summer     ,Bihar,116220.0,166198,1147.8,12591274.8,24406.2,1.437407407,2.4173135014000002,0.9799060944000002,-0.03139790996179946
Rice,2004,Winter     ,Bihar,2489419.0,1828633,1147.8,269703654.5,522777.99,0.647105263,2.4173135014000002,1.7702082384000002,-0.03139790996179946
Wheat,2004,Rabi       ,Bihar,2027643.0,3263385,1147.8,219674842.6,425805.03,1.569473684,2.8600526312000003,1.2905789472000002,-0.03770118343832975
Rice,2004,Kharif     ,Chhattisgarh,3843825.0,4586818,1122.8,416440000.5,807203.25,1.160625,1.9303095241,0.7696845240999999,-0.03818290138278522
Wheat,2004,Rabi       ,Chhattisgarh,99245.0,85215,1122.8,10752203.3,20841.45,0.963125,1.6692307694000001,0.7061057694000001,-0.026485417028806763
Wheat,2004,Rabi       ,Delhi,18695.0,80800,651.9,2025416.3,3925.95,4.32,4.416,0.09600000000000009,-0.034804002760522666
Rice,2004,Kharif     ,Gujarat,665600.0,1157300,719.8,72111104.0,139776.0,1.730666667,3.1420606064,1.4113939394,-0.03721874456602503
Rice,2004,Summer     ,Gujarat,13800.0,39200,719.8,1495092.0,2898.0,2.68625,3.1420606064,0.45581060640000004,-0.03721874456602503
Wheat,2004,Rabi       ,Gujarat,727400.0,1805500,719.8,78806516.0,152754.0,2.6312,3.0332275,0.4020275,-0.029867610732680034
Rice,2004,Kharif     ,Haryana,1024236.0,3010000,484.6,110965728.2,215089.56,2.832777778,3.0865714284,0.2537936504,-0.02539124459924147
Wheat,2004,Rabi       ,Haryana,2316674.0,9043000,484.6,250988461.2,486501.54,3.774736842,4.736900433,0.9621635909999999,-0.037498547764244536
Rice,2004,Kharif     ,Madhya Pradesh,1675513.0,1302615,895.7,181525078.4,351857.73,0.803541667,1.8426666667,1.0391249997,-0.04386481251071414
Wheat,2004,Rabi       ,Madhya Pradesh,4188248.0,7320042,895.7,453754788.3,879532.08,1.7075,3.2639607844,1.5564607844,-0.07945078682031362
Rice,2004,Kharif     ,Maharashtra,1488200.0,2098200,1052.0,161231588.0,312522.0,1.022903226,2.5297916665,1.5068884405,-0.004910060240706449
Rice,2004,Summer     ,Maharashtra,20500.0,49000,1052.0,2220970.0,4305.0,2.463,2.5297916665,0.0667916664999999,-0.004910060240706449
Wheat,2004,Rabi       ,Maharashtra,755700.0,1016300,1052.0,81872538.0,158697.0,1.199666667,1.6967999998,0.49713333280000005,-0.014068680620906084
Rice,2004,Kharif     ,Nagaland,153000.0,259750,1711.5,16576020.0,32130.0,1.65625,2.703333333,1.0470833329999998,-0.05846861003677185
Rice,2004,Rabi       ,Nagaland,1000.0,2000,1711.5,108340.0,210.0,1.99,2.703333333,0.7133333329999998,-0.05846861003677185
Wheat,2004,Rabi       ,Nagaland,8200.0,13000,1711.5,888388.0,1722.0,1.49125,2.0675,0.5762499999999999,-0.006476481794960914
Rice,2004,Kharif     ,Punjab,2800000.0,10437000,366.4,303352000.0,588000.0,3.788823529,4.0065545456,0.21773101660000016,-0.030264221302923056
Wheat,2004,Rabi       ,Punjab,3482000.0,14698000,366.4,377239880.0,731220.0,4.178823529,5.0055454544,0.8267219254000002,-0.029615890455251995
Rice,2004,Kharif     ,Tripura,256076.0,602221,2706.3,27743273.84,53775.96,2.24,3.109,0.8689999999999998,-0.007632106413994544
Wheat,2004,Rabi       ,Tripura,944.0,1942,2706.3,102272.96,198.24,2.0525,2.2276428568,0.17514285679999997,-0.0058513337031468006
Rice,2004,Kharif     ,Uttarakhand,281464.0,537876,1219.6,30493809.76,59107.44,1.592307692,3.563333333,1.971025641,-0.026755330127029565
Rice,2004,Summer     ,Uttarakhand,7511.0,22367,1219.6,813741.74,1577.31,2.975,3.563333333,0.588333333,-0.026755330127029565
Wheat,2004,Rabi       ,Uttarakhand,387103.0,799221,1219.6,41938739.02,81291.63,1.776923077,2.216153846,0.43923076900000013,-0.02716342003107162
Rice,2004,Autumn     ,Jharkhand,153608.9,105328,1149.2,16641988.23,32257.869,0.714,1.817916667,1.103916667,-0.013243453171185455
Rice,2004,Winter     ,Jharkhand,980642.41,901045,1149.2,106242798.7,205934.9061,0.85,1.817916667,0.967916667,-0.013243453171185455
Wheat,2004,Rabi       ,Jharkhand,57905.58,72740,1149.2,6273490.537,12160.1718,1.257727273,2.0730833334,0.8153560604000001,-0.03585568697142837
Rice,2004,Autumn     ,West Bengal,320822.0,653044,1612.9,34757855.48,67372.62,2.037222222,3.1652222222,1.1280000002000001,-0.02538314263621085
Rice,2004,Summer     ,West Bengal,1376387.0,4257111,1612.9,149117767.6,289041.27,2.857777778,3.1652222222,0.30744444420000017,-0.02538314263621085
Rice,2004,Winter     ,West Bengal,4086404.0,9974734,1612.9,442721009.4,858144.84,2.336111111,3.1652222222,0.8291111112,-0.02538314263621085
Wheat,2004,Rabi       ,West Bengal,400093.0,841471,1612.9,43346075.62,84019.53,2.104444444,2.603,0.49855555600000034,-0.02663665735044556
Rice,2005,Autumn     ,Bihar,533233.0,503448,907.8,63945301.36,111978.93,0.962666667,2.4173135014000002,1.4546468344,-0.03139790996179946
Rice,2005,Summer     ,Bihar,113251.0,182827,907.8,13581059.92,23782.71,1.304583333,2.4173135014000002,1.1127301684000002,-0.03139790996179946
Rice,2005,Winter     ,Bihar,2604752.0,3023010,907.8,312361859.8,546997.92,1.035263158,2.4173135014000002,1.3820503434000002,-0.03139790996179946
Wheat,2005,Rabi       ,Bihar,2001771.0,2821120,907.8,240052378.3,420371.91,1.349736842,2.8600526312000003,1.5103157892000003,-0.03770118343832975
Rice,2005,Kharif     ,Chhattisgarh,3854352.0,5267537,1292.7,462213891.8,809413.92,1.30375,1.9303095241,0.6265595240999999,-0.03818290138278522
Wheat,2005,Rabi       ,Chhattisgarh,97074.0,85191,1292.7,11641114.08,20385.54,1.0125,1.6692307694000001,0.6567307694000002,-0.026485417028806763
Rice,2005,Kharif     ,Delhi,7506.0,21092,653.1,900119.52,1576.26,2.81,3.2350000000000003,0.42500000000000027,-0.0553333333333339
Wheat,2005,Rabi       ,Delhi,18279.0,79404,653.1,2192017.68,3838.59,4.34,4.416,0.07600000000000051,-0.034804002760522666
Rice,2005,Kharif     ,Gujarat,648300.0,1209300,942.4,77744136.0,136143.0,1.843125,3.1420606064,1.2989356064,-0.03721874456602503
Rice,2005,Summer     ,Gujarat,24600.0,74300,942.4,2950032.0,5166.0,3.054444444,3.1420606064,0.08761616239999981,-0.03721874456602503
Wheat,2005,Rabi       ,Gujarat,858800.0,2319200,942.4,102987296.0,180348.0,2.5792,3.0332275,0.45402750000000003,-0.029867610732680034
Rice,2005,Kharif     ,Haryana,1046588.0,3194000,516.9,125506833.0,219783.48,2.940526316,3.0865714284,0.14604511239999995,-0.02539124459924147
Wheat,2005,Rabi       ,Haryana,2302682.0,8502000,516.9,276137625.4,483563.22,3.6065,4.736900433,1.1304004329999997,-0.037498547764244536
Rice,2005,Kharif     ,Himachal Pradesh,79366.0,112139,1248.1,9517570.72,16666.86,1.396363636,1.6833636360000002,0.28700000000000014,-0.008601833320900254
Wheat,2005,Rabi       ,Himachal Pradesh,358453.0,365885,1248.1,42985683.76,75275.13,1.075833333,1.8347499997,0.7589166667,-0.006310316858826909
Rice,2005,Kharif     ,Madhya Pradesh,1700446.0,1687475,1032.7,203917484.3,357093.66,0.881041667,1.8426666667,0.9616249997,-0.04386481251071414
Wheat,2005,Rabi       ,Madhya Pradesh,3772615.0,6192368,1032.7,452411990.8,792249.15,1.647083333,3.2639607844,1.6168774514,-0.07945078682031362
Rice,2005,Kharif     ,Maharashtra,1473700.0,2596800,1387.2,176726104.0,309477.0,1.215666667,2.5297916665,1.3141249995,-0.004910060240706449
Rice,2005,Summer     ,Maharashtra,38800.0,72200,1387.2,4652896.0,8148.0,2.007,2.5297916665,0.5227916664999999,-0.004910060240706449
Wheat,2005,Rabi       ,Maharashtra,932800.0,1300700,1387.2,111861376.0,195888.0,1.329333333,1.6967999998,0.3674666668000002,-0.014068680620906084
Rice,2005,Whole Year ,Mizoram,56460.0,107740,2075.4,6770683.2,11856.6,1.9425,2.3105,0.3680000000000003,-0.013935060165558935
Rice,2005,Kharif     ,Nagaland,155500.0,261300,1568.6,18647560.0,32655.0,1.6425,2.703333333,1.0608333329999997,-0.05846861003677185
Rice,2005,Rabi       ,Nagaland,900.0,1800,1568.6,107928.0,189.0,2.06,2.703333333,0.6433333329999997,-0.05846861003677185
Wheat,2005,Rabi       ,Nagaland,1200.0,1920,1568.6,143904.0,252.0,1.66125,2.0675,0.40625,-0.006476481794960914
Rice,2005,Kharif     ,Punjab,2642000.0,10193000,566.7,316828640.0,554820.0,3.820588235,4.0065545456,0.18596631060000002,-0.030264221302923056
Wheat,2005,Rabi       ,Punjab,3468000.0,14493000,566.7,415882560.0,728280.0,4.145294118,5.0055454544,0.8602513364000002,-0.029615890455251995
Rice,2005,Kharif     ,Tripura,253067.0,602947,1765.9,30347794.64,53144.07,2.305,3.109,0.8039999999999998,-0.007632106413994544
Wheat,2005,Rabi       ,Tripura,1750.0,3184,1765.9,209860.0,367.5,1.8325,2.2276428568,0.39514285680000016,-0.0058513337031468006
Rice,2005,Kharif     ,Uttarakhand,275459.0,526520,1353.3,33033043.28,57846.39,1.62,3.563333333,1.943333333,-0.026755330127029565
Wheat,2005,Rabi       ,Uttarakhand,379237.0,642216,1353.3,45478101.04,79639.77,1.353076923,2.216153846,0.8630769230000002,-0.02716342003107162
Rice,2005,Autumn     ,Jharkhand,149362.86,77860,965.2,17911594.17,31366.2006,0.557857143,1.817916667,1.2600595239999999,-0.013243453171185455
Rice,2005,Winter     ,Jharkhand,954735.25,536165,965.2,114491851.2,200494.4025,0.531363636,1.817916667,1.286553031,-0.013243453171185455
Wheat,2005,Rabi       ,Jharkhand,50326.23,51263,965.2,6035121.502,10568.5083,1.023636364,2.0730833334,1.0494469694000002,-0.03585568697142837
Rice,2006,Autumn     ,Bihar,517983.0,530242,1052.8,66151608.93,113956.26,0.962413793,2.4173135014000002,1.4548997084000002,-0.03139790996179946
Rice,2006,Summer     ,Bihar,109436.0,163989,1052.8,13976071.56,24075.92,1.45173913,2.4173135014000002,0.9655743714000002,-0.03139790996179946
Rice,2006,Winter     ,Bihar,2736591.0,4333716,1052.8,349490036.6,602050.02,1.482702703,2.4173135014000002,0.9346107984000003,-0.03139790996179946
Wheat,2006,Rabi       ,Bihar,2076727.0,4155541,1052.8,265218805.2,456879.94,1.924324324,2.8600526312000003,0.9357283072000002,-0.03770118343832975
Rice,2006,Kharif     ,Chhattisgarh,3905319.0,5441525,1317.2,498748289.5,859170.18,1.247222222,1.9303095241,0.6830873020999999,-0.03818290138278522
Wheat,2006,Rabi       ,Chhattisgarh,93213.0,93952,1317.2,11904232.23,20506.86,1.06,1.6692307694000001,0.6092307694000001,-0.026485417028806763
Rice,2006,Kharif     ,Delhi,7381.0,20815,462.7,942627.51,1623.82,2.82,3.2350000000000003,0.4150000000000005,-0.0553333333333339
Wheat,2006,Rabi       ,Delhi,17884.0,77885,462.7,2283965.64,3934.48,4.36,4.416,0.05600000000000005,-0.034804002760522666
Rice,2006,Kharif     ,Gujarat,655600.0,1045200,1056.2,83726676.0,144232.0,1.601875,3.1420606064,1.5401856064,-0.03721874456602503
Rice,2006,Summer     ,Gujarat,33700.0,96000,1056.2,4303827.0,7414.0,2.855555556,3.1420606064,0.28650505039999974,-0.03721874456602503
Wheat,2006,Rabi       ,Gujarat,1072300.0,2791500,1056.2,136943433.0,235906.0,2.5696,3.0332275,0.4636275000000003,-0.029867610732680034
Rice,2006,Kharif     ,Haryana,1042036.0,3371000,329.3,133078417.6,229247.92,2.8545,3.0865714284,0.23207142840000028,-0.02539124459924147
Wheat,2006,Rabi       ,Haryana,2377067.0,10059000,329.3,303575226.6,522954.74,4.062,4.736900433,0.6749004329999995,-0.037498547764244536
Wheat,2006,Rabi       ,Himachal Pradesh,362245.0,596493,1207.0,46262308.95,79693.9,1.6375,1.8347499997,0.19724999970000012,-0.006310316858826909
Rice,2006,Kharif     ,Madhya Pradesh,1674013.0,1389269,1072.3,213788200.2,368282.86,0.856666667,1.8426666667,0.9859999997,-0.04386481251071414
Wheat,2006,Rabi       ,Madhya Pradesh,4262382.0,7840446,1072.3,544348805.2,937724.04,1.73125,3.2639607844,1.5327107844,-0.07945078682031362
Rice,2006,Kharif     ,Maharashtra,1491300.0,2488600,1439.4,190453923.0,328086.0,1.166333333,2.5297916665,1.3634583335,-0.004910060240706449
Rice,2006,Summer     ,Maharashtra,38000.0,81100,1439.4,4852980.0,8360.0,2.176,2.5297916665,0.3537916664999998,-0.004910060240706449
Wheat,2006,Rabi       ,Maharashtra,1230800.0,1871000,1439.4,157185468.0,270776.0,1.451666667,1.6967999998,0.24513333280000005,-0.014068680620906084
Rice,2006,Kharif     ,Nagaland,163680.0,261920,1362.5,20903572.8,36009.6,1.595,2.703333333,1.1083333329999998,-0.05846861003677185
Rice,2006,Rabi       ,Nagaland,1000.0,1600,1362.5,127710.0,220.0,1.605,2.703333333,1.0983333329999998,-0.05846861003677185
Wheat,2006,Rabi       ,Nagaland,1500.0,1250,1362.5,191565.0,330.0,0.86,2.0675,1.2075,-0.006476481794960914
Rice,2006,Kharif     ,Punjab,2621000.0,10138000,569.6,334727910.0,576620.0,3.75,4.0065545456,0.25655454560000024,-0.030264221302923056
Wheat,2006,Rabi       ,Punjab,3467000.0,14596000,569.6,442770570.0,762740.0,4.148421053,5.0055454544,0.8571244014000001,-0.029615890455251995
Rice,2006,Kharif     ,Tripura,250939.0,628200,1764.3,32047419.69,55206.58,2.4225,3.109,0.6865000000000001,-0.007632106413994544
Wheat,2006,Rabi       ,Tripura,970.0,1845,1764.3,123878.7,213.4,1.885,2.2276428568,0.3426428568000002,-0.0058513337031468006
Rice,2006,Kharif     ,Uttar Pradesh,5902577.0,11082993,590.5,753818108.7,1298566.94,1.846,2.5863199999,0.7403199999000001,-0.022382130578575948
Rice,2006,Summer     ,Uttar Pradesh,18175.0,40620,590.5,2321129.25,3998.5,1.995,2.5863199999,0.5913199999000001,-0.022382130578575948
Wheat,2006,Rabi       ,Uttar Pradesh,9197642.0,25443428,590.5,1174630860.0,2023481.24,2.725428571,3.631626667,0.9061980959999998,-0.0330016622187964
Rice,2006,Kharif     ,Uttarakhand,273662.0,540128,1178.9,34949374.02,60205.64,1.645384615,3.563333333,1.917948718,-0.026755330127029565
Rice,2006,Rabi       ,Uttarakhand,9923.0,31208,1178.9,1267266.33,2183.06,3.145,3.563333333,0.4183333330000001,-0.026755330127029565
Wheat,2006,Rabi       ,Uttarakhand,377870.0,796548,1178.9,48257777.7,83131.4,1.760769231,2.216153846,0.45538461500000005,-0.02716342003107162
Rice,2006,Autumn     ,Jharkhand,183635.05,254351,1465.1,23452032.24,40399.711,1.274545455,1.817916667,0.543371212,-0.013243453171185455
Rice,2006,Winter     ,Jharkhand,995583.37,1175595,1465.1,127145952.2,219028.3414,1.208181818,1.817916667,0.6097348490000001,-0.013243453171185455
Wheat,2006,Rabi       ,Jharkhand,124418.04,163905,1465.1,15889427.89,27371.9688,1.280454545,2.0730833334,0.7926287884000001,-0.03585568697142837
Rice,2007,Kharif     ,Andhra Pradesh,2578000.0,8191000,1004.2,343905200.0,412480.0,3.094545455,3.606538462,0.511993007,-0.040348145789222745
Rice,2007,Rabi       ,Andhra Pradesh,1406000.0,5133000,1004.2,187560400.0,224960.0,3.159090909,3.606538462,0.44744755299999994,-0.040348145789222745
Wheat,2007,Rabi       ,Andhra Pradesh,8000.0,8000,1004.2,1067200.0,1280.0,1.0,1.2896666668999999,0.28966666689999987,0.0010057755036590808
Rice,2007,Autumn     ,Bihar,524266.0,318517,1600.2,69937084.4,83882.56,0.617,2.4173135014000002,1.8003135014000002,-0.03139790996179946
Rice,2007,Summer     ,Bihar,110440.0,172291,1600.2,14732696.0,17670.4,1.416666667,2.4173135014000002,1.0006468344000001,-0.03139790996179946
Rice,2007,Winter     ,Bihar,2842665.0,3967956,1600.2,379211511.0,454826.4,1.260789474,2.4173135014000002,1.1565240274000002,-0.03139790996179946
Wheat,2007,Rabi       ,Bihar,2131232.0,4977463,1600.2,284306348.8,340997.12,2.228421053,2.8600526312000003,0.6316315782000004,-0.03770118343832975
Rice,2007,Kharif     ,Chhattisgarh,3902881.0,5634972,1246.2,520644325.4,624460.96,1.393888889,1.9303095241,0.5364206350999998,-0.03818290138278522
Wheat,2007,Rabi       ,Chhattisgarh,95020.0,104548,1246.2,12675668.0,15203.2,1.299444444,1.6692307694000001,0.3697863254000002,-0.026485417028806763
Rice,2007,Kharif     ,Gujarat,726000.0,1376300,1021.6,96848400.0,116160.0,1.8325,3.1420606064,1.3095606063999998,-0.03721874456602503
Rice,2007,Summer     ,Gujarat,32600.0,97900,1021.6,4348840.0,5216.0,3.043333333,3.1420606064,0.09872727339999976,-0.03721874456602503
Wheat,2007,Rabi       ,Gujarat,1273900.0,3837700,1021.6,169938260.0,203824.0,2.9304,3.0332275,0.10282750000000007,-0.029867610732680034
Wheat,2007,Rabi       ,Haryana,2460680.0,10232000,443.8,328254712.0,393708.8,4.036,4.736900433,0.7009004330000002,-0.037498547764244536
Wheat,2007,Rabi       ,Himachal Pradesh,366592.0,504360,1095.4,48903372.8,58654.72,1.500833333,1.8347499997,0.3339166667,-0.006310316858826909
Rice,2007,Kharif     ,Madhya Pradesh,1634912.0,1325175,740.4,218097260.8,261585.92,0.875,1.8426666667,0.9676666667,-0.04386481251071414
Wheat,2007,Rabi       ,Madhya Pradesh,4089343.0,6729363,740.4,545518356.2,654294.88,1.548958333,3.2639607844,1.7150024514,-0.07945078682031362
Rice,2007,Kharif     ,Maharashtra,1535300.0,2912800,1257.2,204809020.0,245648.0,1.377241379,2.5297916665,1.1525502875,-0.004910060240706449
Rice,2007,Summer     ,Maharashtra,41400.0,98700,1257.2,5522760.0,6624.0,2.486,2.5297916665,0.04379166649999977,-0.004910060240706449
Rice,2007,Autumn     ,Meghalaya,32604.0,37918,4702.0,4349373.6,5216.64,1.498571429,2.5521818184,1.0536103893999997,-0.04611595517529644
Rice,2007,Summer     ,Meghalaya,11546.0,48132,4702.0,1540236.4,1847.36,2.022857143,2.5521818184,0.5293246753999998,-0.04611595517529644
Rice,2007,Winter     ,Meghalaya,62170.0,114027,4702.0,8293478.0,9947.2,1.812857143,2.5521818184,0.7393246753999998,-0.04611595517529644
Wheat,2007,Rabi       ,Meghalaya,622.0,1120,4702.0,82974.8,99.52,1.2425,1.6378,0.3953,-0.00508177570093457
Rice,2007,Kharif     ,Nagaland,166000.0,308800,1769.0,22144400.0,26560.0,1.8275,2.703333333,0.8758333329999999,-0.05846861003677185
Rice,2007,Rabi       ,Nagaland,1500.0,2500,1769.0,200100.0,240.0,1.66,2.703333333,1.0433333329999999,-0.05846861003677185
Wheat,2007,Rabi       ,Nagaland,1150.0,1800,1769.0,153410.0,184.0,1.56375,2.0675,0.5037499999999999,-0.006476481794960914
Rice,2007,Kharif     ,Punjab,2610000.0,10489000,527.2,348174000.0,417600.0,3.968,4.0065545456,0.03855454560000027,-0.030264221302923056
Wheat,2007,Rabi       ,Punjab,3488000.0,15720000,527.2,465299200.0,558080.0,4.4775,5.0055454544,0.5280454544,-0.029615890455251995
Rice,2007,Kharif     ,Tripura,252897.0,640424,2831.8,33736459.8,40463.52,2.4375,3.109,0.6715,-0.007632106413994544
Wheat,2007,Rabi       ,Tripura,1023.0,1889,2831.8,136468.2,163.68,1.88,2.2276428568,0.3476428568000003,-0.0058513337031468006
Rice,2007,Kharif     ,Uttar Pradesh,5690539.0,11731754,672.9,759117902.6,910486.24,1.962,2.5863199999,0.6243199999000002,-0.022382130578575948
Rice,2007,Summer     ,Uttar Pradesh,18849.0,48358,672.9,2514456.6,3015.84,2.152142857,2.5863199999,0.4341771429000003,-0.022382130578575948
Wheat,2007,Rabi       ,Uttar Pradesh,9114880.0,25679089,672.9,1215924992.0,1458380.8,2.723571429,3.631626667,0.9080552379999998,-0.0330016622187964
Rice,2007,Kharif     ,Uttarakhand,259805.0,523203,1924.3,34657987.0,41568.8,1.709230769,3.563333333,1.8541025640000002,-0.026755330127029565
Rice,2007,Summer     ,Uttarakhand,12364.0,41864,1924.3,1649357.6,1978.24,3.423333333,3.563333333,0.14000000000000012,-0.026755330127029565
Wheat,2007,Rabi       ,Uttarakhand,372919.0,798233,1924.3,49747394.6,59667.04,1.673846154,2.216153846,0.5423076920000001,-0.02716342003107162
Rice,2007,Autumn     ,Jharkhand,183323.17,163692,1444.7,24455310.88,29331.7072,0.899047619,1.817916667,0.918869048,-0.013243453171185455
Rice,2007,Winter     ,Jharkhand,1014731.14,1306932,1444.7,135365134.1,162356.9824,1.306363636,1.817916667,0.511553031,-0.013243453171185455
Wheat,2007,Rabi       ,Jharkhand,54845.72,68534,1444.7,7316419.048,8775.3152,1.432727273,2.0730833334,0.6403560604,-0.03585568697142837
Rice,2008,Autumn     ,Bihar,546872.0,727414,1197.7,78224570.88,49218.48,1.230344828,2.4173135014000002,1.1869686734000002,-0.03139790996179946
Rice,2008,Summer     ,Bihar,105526.0,178240,1197.7,15094439.04,9497.34,1.641,2.4173135014000002,0.7763135014000002,-0.03139790996179946
Rice,2008,Winter     ,Bihar,2842875.0,4684328,1197.7,406644840.0,255858.75,1.545789474,2.4173135014000002,0.8715240274000002,-0.03139790996179946
Wheat,2008,Rabi       ,Bihar,2158345.0,4413017,1197.7,308729668.8,194251.05,1.984473684,2.8600526312000003,0.8755789472000004,-0.03770118343832975
Rice,2008,Kharif     ,Chhattisgarh,3928815.0,4707499,1117.9,561977697.6,353593.35,1.198333333,1.9303095241,0.7319761911,-0.03818290138278522
Wheat,2008,Rabi       ,Chhattisgarh,94834.0,97424,1117.9,13565055.36,8535.06,1.15,1.6692307694000001,0.5192307694000002,-0.026485417028806763
Rice,2008,Kharif     ,Gujarat,722100.0,1225500,746.1,103289184.0,64989.0,1.615294118,3.1420606064,1.5267664883999998,-0.03721874456602503
Rice,2008,Summer     ,Gujarat,25200.0,77400,746.1,3604608.0,2268.0,2.921111111,3.1420606064,0.22094949539999975,-0.03721874456602503
Wheat,2008,Rabi       ,Gujarat,1091400.0,2592600,746.1,156113856.0,98226.0,2.349615385,3.0332275,0.6836121150000003,-0.029867610732680034
Rice,2008,Kharif     ,Haryana,1211149.0,3299000,715.6,173242753.0,109003.41,2.569,3.0865714284,0.5175714284000001,-0.02539124459924147
Wheat,2008,Rabi       ,Haryana,2461420.0,11360000,715.6,352081516.8,221527.8,4.437142857,4.736900433,0.2997575759999993,-0.037498547764244536
Rice,2008,Kharif     ,Himachal Pradesh,77709.0,118277,1357.1,11115495.36,6993.81,1.6,1.6833636360000002,0.08336363600000007,-0.008601833320900254
Wheat,2008,Rabi       ,Himachal Pradesh,359961.0,381180,1357.1,51488821.44,32396.49,1.080833333,1.8347499997,0.7539166667000001,-0.006310316858826909
Rice,2008,Kharif     ,Madhya Pradesh,1706557.0,1571103,895.0,244105913.3,153590.13,0.911020408,1.8426666667,0.9316462587000001,-0.04386481251071414
Wheat,2008,Rabi       ,Madhya Pradesh,3997666.0,7272210,895.0,571826144.6,359789.94,1.764,3.2639607844,1.4999607844,-0.07945078682031362
Rice,2008,Kharif     ,Maharashtra,1499500.0,2234300,1052.8,214488480.0,134955.0,1.170740741,2.5297916665,1.3590509255,-0.004910060240706449
Rice,2008,Summer     ,Maharashtra,22000.0,53200,1052.8,3146880.0,1980.0,2.421111111,2.5297916665,0.10868055549999989,-0.004910060240706449
Wheat,2008,Rabi       ,Maharashtra,1021800.0,1516400,1052.8,146158272.0,91962.0,1.431666667,1.6967999998,0.26513333280000007,-0.014068680620906084
Rice,2008,Kharif     ,Manipur,210990.0,518250,1134.8,30180009.6,18989.1,2.134444444,2.3375555556,0.20311111159999973,0.004299556429973661
Wheat,2008,Rabi       ,Manipur,2050.0,5120,1134.8,293232.0,184.5,2.495,2.503333333,0.008333332999999943,-0.012024793398530511
Rice,2008,Kharif     ,Nagaland,173100.0,345090,1540.9,24760224.0,15579.0,1.964545455,2.703333333,0.7387878779999997,-0.05846861003677185
Wheat,2008,Rabi       ,Nagaland,1380.0,2070,1540.9,197395.2,124.2,1.502222222,2.0675,0.5652777779999998,-0.006476481794960914
Rice,2008,Kharif     ,Punjab,2735000.0,11000000,691.3,391214400.0,246150.0,3.9855,4.0065545456,0.021054545600000196,-0.030264221302923056
Wheat,2008,Rabi       ,Punjab,3466000.0,15733000,691.3,495776640.0,311940.0,4.5035,5.0055454544,0.5020454544000001,-0.029615890455251995
Rice,2008,Kharif     ,Tripura,242966.0,627175,1827.8,34753856.64,21866.94,2.525,3.109,0.5840000000000001,-0.007632106413994544
Wheat,2008,Rabi       ,Tripura,635.0,1195,1827.8,90830.4,57.15,1.905,2.2276428568,0.32264285680000016,-0.0058513337031468006
Rice,2008,Kharif     ,Uttar Pradesh,6011761.0,13051365,891.6,859922293.4,541058.49,2.124428571,2.5863199999,0.4618914289,-0.022382130578575948
Rice,2008,Summer     ,Uttar Pradesh,21621.0,45666,891.6,3092667.84,1945.89,2.095,2.5863199999,0.49131999989999997,-0.022382130578575948
Wheat,2008,Rabi       ,Uttar Pradesh,9513039.0,28554178,891.6,1360745099.0,856173.51,2.959857143,3.631626667,0.6717695240000001,-0.0330016622187964
Rice,2008,Kharif     ,Uttarakhand,275711.0,528524,1363.7,39437701.44,24813.99,1.627692308,3.563333333,1.935641025,-0.026755330127029565
Rice,2008,Summer     ,Uttarakhand,12654.0,39797,1363.7,1810028.16,1138.86,3.1,3.563333333,0.463333333,-0.026755330127029565
Wheat,2008,Rabi       ,Uttarakhand,379081.0,770934,1363.7,54223746.24,34117.29,1.491538462,2.216153846,0.724615384,-0.02716342003107162
Wheat,2008,Rabi       ,Jammu and Kashmir,274022.0,492140,1390.1,39196106.88,24661.98,1.435714286,1.7551142860000002,0.31940000000000013,-0.030876590976433554
Rice,2008,Autumn     ,Jharkhand,188422.33,162674,1295.2,26951930.08,16958.0097,0.868695652,1.817916667,0.949221015,-0.013243453171185455
Rice,2008,Winter     ,Jharkhand,1008437.16,1333906,1295.2,144246851.4,90759.3444,1.39125,1.817916667,0.4266666669999999,-0.013243453171185455
Wheat,2008,Rabi       ,Jharkhand,58602.34,79871,1295.2,8382478.714,5274.2106,1.43625,2.0730833334,0.6368333334,-0.03585568697142837
Rice,2009,Autumn     ,Bihar,525890.0,471321,889.3,81944179.8,89401.3,0.905666667,2.4173135014000002,1.5116468344000002,-0.03139790996179946
Rice,2009,Summer     ,Bihar,95682.0,176656,889.3,14909169.24,16265.94,1.492083333,2.4173135014000002,0.9252301684000002,-0.03139790996179946
Rice,2009,Winter     ,Bihar,2502458.0,2992233,889.3,389933005.6,425417.86,1.105526316,2.4173135014000002,1.3117871854000003,-0.03139790996179946
Wheat,2009,Rabi       ,Bihar,2116098.0,4403841,889.3,329730390.4,359736.66,2.076315789,2.8600526312000003,0.7837368422000002,-0.03770118343832975
Rice,2009,Kharif     ,Chhattisgarh,3837610.0,4347316,956.9,597976390.2,652393.7,1.106666667,1.9303095241,0.8236428570999998,-0.03818290138278522
Wheat,2009,Rabi       ,Chhattisgarh,109163.0,118923,956.9,17009778.66,18557.71,1.301764706,1.6692307694000001,0.3674660634000002,-0.026485417028806763
Rice,2009,Kharif     ,Gujarat,658500.0,1228400,618.0,102607470.0,111945.0,1.693529412,3.1420606064,1.4485311943999999,-0.03721874456602503
Rice,2009,Summer     ,Gujarat,21000.0,64600,618.0,3272220.0,3570.0,3.034444444,3.1420606064,0.10761616239999983,-0.03721874456602503
Wheat,2009,Rabi       ,Gujarat,878000.0,2351300,618.0,136809960.0,149260.0,2.617692308,3.0332275,0.4155351920000001,-0.029867610732680034
Rice,2009,Kharif     ,Haryana,1206435.0,3628000,393.0,187986701.7,205093.95,2.673809524,3.0865714284,0.41276190439999993,-0.02539124459924147
Wheat,2009,Rabi       ,Haryana,2487756.0,10488000,393.0,387642139.9,422918.52,4.133809524,4.736900433,0.6030909089999996,-0.037498547764244536
Rice,2009,Kharif     ,Himachal Pradesh,76186.0,105787,969.9,11871302.52,12951.62,1.484545455,1.6833636360000002,0.19881818100000026,-0.008601833320900254
Wheat,2009,Rabi       ,Himachal Pradesh,350440.0,324174,969.9,54605560.8,59574.8,0.933333333,1.8347499997,0.9014166667000001,-0.006310316858826909
Rice,2009,Kharif     ,Maharashtra,1450000.0,2138100,1002.4,225939000.0,246500.0,1.106071429,2.5297916665,1.4237202375,-0.004910060240706449
Rice,2009,Summer     ,Maharashtra,20600.0,47700,1002.4,3209892.0,3502.0,2.251111111,2.5297916665,0.2786805554999998,-0.004910060240706449
Wheat,2009,Rabi       ,Maharashtra,1080900.0,1740200,1002.4,168425838.0,183753.0,1.53,1.6967999998,0.16679999980000004,-0.014068680620906084
Rice,2009,Kharif     ,Manipur,113890.0,265090,992.5,17746339.8,19361.3,1.923333333,2.3375555556,0.41422222259999986,0.004299556429973661
Wheat,2009,Rabi       ,Manipur,12000.0,25050,992.5,1869840.0,2040.0,2.073333333,2.503333333,0.43000000000000016,-0.012024793398530511
Rice,2009,Kharif     ,Nagaland,168570.0,240310,1225.9,26266577.4,28656.9,1.393636364,2.703333333,1.3096969689999998,-0.05846861003677185
Wheat,2009,Rabi       ,Nagaland,2010.0,2410,1225.9,313198.2,341.7,1.198888889,2.0675,0.8686111109999999,-0.006476481794960914
Rice,2009,Kharif     ,Punjab,2802000.0,11236000,371.3,436607640.0,476340.0,3.9775,4.0065545456,0.029054545600000203,-0.030264221302923056
Wheat,2009,Rabi       ,Punjab,3522000.0,15169000,371.3,548798040.0,598740.0,4.3205,5.0055454544,0.6850454544,-0.029615890455251995
Rice,2009,Kharif     ,Tripura,245538.0,640010,2004.2,38259731.16,41741.46,2.5225,3.109,0.5865,-0.007632106413994544
Wheat,2009,Rabi       ,Tripura,667.0,1323,2004.2,103931.94,113.39,1.9825,2.2276428568,0.24514285680000025,-0.0058513337031468006
Rice,2009,Kharif     ,Uttar Pradesh,5148046.0,10714990,585.8,802168527.7,875167.82,2.00971831,2.5863199999,0.5766016899000004,-0.022382130578575948
Rice,2009,Summer     ,Uttar Pradesh,24695.0,61514,585.8,3847974.9,4198.15,2.13,2.5863199999,0.4563199999000003,-0.022382130578575948
Wheat,2009,Rabi       ,Uttar Pradesh,9668152.0,27518022,585.8,1506491445.0,1643585.84,2.80915493,3.631626667,0.8224717369999999,-0.0330016622187964
Rice,2009,Kharif     ,Uttarakhand,270608.0,551716,847.8,42166138.56,46003.36,1.613846154,3.563333333,1.9494871790000001,-0.026755330127029565
Rice,2009,Rabi       ,Uttarakhand,13775.0,39300,847.8,2146420.5,2341.75,2.85,3.563333333,0.713333333,-0.026755330127029565
Wheat,2009,Rabi       ,Uttarakhand,372846.0,829319,847.8,58096863.72,63383.82,1.674615385,2.216153846,0.541538461,-0.02716342003107162
Rice,2009,Autumn     ,Jharkhand,157262.0,87970,996.1,24504564.84,26734.54,0.515217391,1.817916667,1.302699276,-0.013243453171185455
Rice,2009,Winter     ,Jharkhand,825787.0,504508,996.1,128674130.3,140383.79,0.58625,1.817916667,1.2316666669999998,-0.013243453171185455
Wheat,2009,Rabi       ,Jharkhand,52510.0,61618,996.1,8182108.2,8926.7,1.314166667,2.0730833334,0.7589166664,-0.03585568697142837
Rice,2009,Autumn     ,West Bengal,214062.0,466766,1317.2,33355140.84,36390.54,2.095,3.1652222222,1.0702222222,-0.02538314263621085
Rice,2009,Summer     ,West Bengal,1429703.0,4275871,1317.2,222776321.5,243049.51,2.79,3.1652222222,0.3752222222000001,-0.02538314263621085
Rice,2009,Winter     ,West Bengal,3986330.0,9597968,1317.2,621149940.6,677676.1,2.346111111,3.1652222222,0.8191111112000002,-0.02538314263621085
Wheat,2009,Rabi       ,West Bengal,315888.0,846657,1317.2,49221668.16,53700.96,2.401764706,2.603,0.2012352940000004,-0.02663665735044556
Rice,2009,Whole Year ,Madhya Pradesh,1593071.0,1355660,904.1,248232323.2,270822.07,0.906041667,1.8426666667,0.9366249997,-0.04386481251071414
Wheat,2009,Whole Year ,Madhya Pradesh,4458995.0,8865378,904.1,694800600.9,758029.15,1.8538,3.2639607844,1.4101607844000001,-0.07945078682031362
Rice,2010,Autumn     ,Bihar,495218.0,444042,629.2,82260661.98,118852.32,0.919642857,2.4173135014000002,1.4976706444000003,-0.03139790996179946
Rice,2010,Summer     ,Bihar,84465.0,163031,629.2,14030481.15,20271.6,1.827916667,2.4173135014000002,0.5893968344000002,-0.03139790996179946
Rice,2010,Winter     ,Bihar,2265685.0,2505545,629.2,376352935.3,543764.4,0.979210526,2.4173135014000002,1.4381029754,-0.03139790996179946
Wheat,2010,Rabi       ,Bihar,2100181.0,5094030,629.2,348861065.9,504043.44,2.282631579,2.8600526312000003,0.5774210522000005,-0.03770118343832975
Rice,2010,Kharif     ,Chhattisgarh,3937796.0,6637737,1283.1,654107293.6,945071.04,1.702222222,1.9303095241,0.22808730209999983,-0.03818290138278522
Wheat,2010,Rabi       ,Chhattisgarh,103701.0,121745,1283.1,17225773.11,24888.24,1.395882353,1.6692307694000001,0.2733484164000002,-0.026485417028806763
Rice,2010,Kharif     ,Gujarat,728300.0,1423800,1107.5,120977913.0,174792.0,1.8275,3.1420606064,1.3145606064,-0.03721874456602503
Rice,2010,Summer     ,Gujarat,79800.0,242000,1107.5,13255578.0,19152.0,2.987777778,3.1420606064,0.15428282839999996,-0.03721874456602503
Rice,2010,Kharif     ,Haryana,1243281.0,3465000,639.2,206521406.9,298387.44,2.561428571,3.0865714284,0.5251428574000001,-0.02539124459924147
Wheat,2010,Rabi       ,Haryana,2503963.0,11578000,639.2,415933293.9,600951.12,4.483333333,4.736900433,0.2535670999999997,-0.037498547764244536
Rice,2010,Kharif     ,Himachal Pradesh,75426.0,110238,1319.8,12529012.86,18102.24,1.561818182,1.6833636360000002,0.12154545400000005,-0.008601833320900254
Wheat,2010,Rabi       ,Himachal Pradesh,346936.0,534707,1319.8,57629538.96,83264.64,1.539166667,1.8347499997,0.29558333270000015,-0.006310316858826909
Rice,2010,Kharif     ,Madhya Pradesh,1573535.0,1766596,856.3,261379898.8,377648.4,1.211666667,1.8426666667,0.6309999997,-0.04386481251071414
Wheat,2010,Rabi       ,Madhya Pradesh,4633125.0,9219781,856.3,769608393.7,1111950.0,1.8744,3.2639607844,1.3895607844,-0.07945078682031362
Rice,2010,Kharif     ,Maharashtra,1486200.0,2625100,1389.0,246872682.0,356688.0,1.3116,2.5297916665,1.2181916664999999,-0.004910060240706449
Rice,2010,Summer     ,Maharashtra,29500.0,65800,1389.0,4900245.0,7080.0,2.388888889,2.5297916665,0.14090277750000002,-0.004910060240706449
Rice,2010,Kharif     ,Manipur,212680.0,480240,2160.5,35328274.8,51043.2,1.945555556,2.3375555556,0.39199999959999987,0.004299556429973661
Wheat,2010,Rabi       ,Manipur,2100.0,5250,2160.5,348831.0,504.0,2.475,2.503333333,0.02833333299999996,-0.012024793398530511
Rice,2010,Autumn     ,Mizoram,28562.0,26499,2738.7,4744433.82,6854.88,0.92625,2.3105,1.3842500000000002,-0.013935060165558935
Rice,2010,Kharif     ,Mizoram,12123.0,20697,2738.7,2013751.53,2909.52,1.495,2.3105,0.8155000000000001,-0.013935060165558935
Rice,2010,Rabi       ,Mizoram,7.0,6,2738.7,1162.77,1.68,0.86,2.3105,1.4505000000000003,-0.013935060165558935
Rice,2010,Kharif     ,Nagaland,180060.0,378210,1771.8,29909766.6,43214.4,2.051818182,2.703333333,0.6515151509999999,-0.05846861003677185
Rice,2010,Rabi       ,Nagaland,1330.0,3150,1771.8,220926.3,319.2,2.38,2.703333333,0.3233333329999999,-0.05846861003677185
Wheat,2010,Rabi       ,Nagaland,3120.0,5340,1771.8,518263.2,748.8,1.712222222,2.0675,0.3552777779999998,-0.006476481794960914
Rice,2010,Kharif     ,Punjab,2831000.0,10837000,392.7,470257410.0,679440.0,3.834,4.0065545456,0.17255454560000016,-0.030264221302923056
Wheat,2010,Rabi       ,Punjab,3510000.0,16472000,392.7,583046100.0,842400.0,4.6485,5.0055454544,0.3570454543999997,-0.029615890455251995
Rice,2010,Kharif     ,Tamil Nadu,1905726.0,5792415,1095.2,316560145.9,457374.24,3.597419355,4.2939447004,0.6965253454,-0.03916288575278614
Rice,2010,Kharif     ,Tripura,264558.0,702473,2348.3,43945729.38,63493.92,2.5725,3.109,0.5365000000000002,-0.007632106413994544
Wheat,2010,Rabi       ,Tripura,316.0,637,2348.3,52490.76,75.84,2.02,2.2276428568,0.20764285680000016,-0.0058513337031468006
Rice,2010,Kharif     ,Uttar Pradesh,5631949.0,11938078,742.6,935523048.4,1351667.76,2.052916667,2.5863199999,0.5334033329000003,-0.022382130578575948
Rice,2010,Summer     ,Uttar Pradesh,25121.0,54221,742.6,4172849.31,6029.04,2.032222222,2.5863199999,0.5540977779,-0.022382130578575948
Wheat,2010,Rabi       ,Uttar Pradesh,9636540.0,30000632,742.6,1600725659.0,2312769.6,3.077222222,3.631626667,0.5544044449999999,-0.0330016622187964
Rice,2010,Kharif     ,Uttarakhand,270416.0,495083,1419.0,44918801.76,64899.84,1.540769231,3.563333333,2.022564102,-0.026755330127029565
Rice,2010,Rabi       ,Uttarakhand,15277.0,50503,1419.0,2537662.47,3666.48,2.25,3.563333333,1.313333333,-0.026755330127029565
Wheat,2010,Rabi       ,Uttarakhand,371225.0,882920,1419.0,61664184.75,89094.0,1.863846154,2.216153846,0.3523076920000001,-0.02716342003107162
Rice,2010,Kharif     ,Jammu and Kashmir,261347.0,507404,1352.0,43412350.17,62723.28,1.874,2.0989500000000003,0.2249500000000002,-0.037995517277653615
Wheat,2010,Rabi       ,Jammu and Kashmir,286777.0,442706,1352.0,47636527.47,68826.48,1.468,1.7551142860000002,0.2871142860000002,-0.030876590976433554
Wheat,2010,Rabi       ,Jharkhand,49596.0,54110,694.6,8238391.56,11903.04,1.091666667,2.0730833334,0.9814166664000001,-0.03585568697142837
Rice,2010,Autumn     ,West Bengal,212132.0,453439,1096.0,35237246.52,50911.68,2.081666667,3.1652222222,1.0835555552000002,-0.02538314263621085
Rice,2010,Summer     ,West Bengal,1369892.0,4506848,1096.0,227552760.1,328774.08,3.123888889,3.1652222222,0.04133333320000032,-0.02538314263621085
Rice,2010,Winter     ,West Bengal,3362122.0,8429323,1096.0,558482085.4,806909.28,2.487222222,3.1652222222,0.6780000002,-0.02538314263621085
Wheat,2010,Rabi       ,West Bengal,316808.0,874415,1096.0,52624976.88,76033.92,2.496666667,2.603,0.10633333300000025,-0.02663665735044556
Rice,2011,Autumn     ,Bihar,570397.0,914228,1097.1,95552905.44,188231.01,1.546774194,2.4173135014000002,0.8705393074000003,-0.03139790996179946
Rice,2011,Summer     ,Bihar,96160.0,182628,1097.1,16108723.2,31732.8,1.736190476,2.4173135014000002,0.6811230254000002,-0.03139790996179946
Rice,2011,Kharif     ,Chhattisgarh,3939826.0,6300825,1302.7,659999651.5,1300142.58,1.527777778,1.9303095241,0.4025317461,-0.03818290138278522
Wheat,2011,Rabi       ,Chhattisgarh,104825.0,135121,1302.7,17560284.0,34592.25,1.512,1.6692307694000001,0.15723076940000014,-0.026485417028806763
Rice,2011,Kharif     ,Gujarat,751300.0,1521800,890.5,125857776.0,247929.0,1.951666667,3.1420606064,1.1903939393999998,-0.03721874456602503
Rice,2011,Summer     ,Gujarat,84200.0,267900,890.5,14105184.0,27786.0,3.122222222,3.1420606064,0.019838384399999853,-0.03721874456602503
Wheat,2011,Rabi       ,Gujarat,1350600.0,4072100,890.5,226252512.0,445698.0,3.01,3.0332275,0.0232275000000004,-0.029867610732680034
Rice,2011,Kharif     ,Haryana,1234094.0,3574300,471.5409091,206735426.9,407251.02,2.63047619,3.0865714284,0.4560952384000001,-0.02539124459924147
Rice,2011,Kharif     ,Himachal Pradesh,75043.0,108648,1108.3,12571203.36,24764.19,1.545454545,1.6833636360000002,0.13790909100000026,-0.008601833320900254
Wheat,2011,Rabi       ,Himachal Pradesh,345182.0,506782,1108.3,57824888.64,113910.06,1.423333333,1.8347499997,0.4114166667000001,-0.006310316858826909
Rice,2011,Kharif     ,Madhya Pradesh,1693231.0,2273045,852.6,283650057.1,558766.23,1.400416667,1.8426666667,0.4422499997,-0.04386481251071414
Wheat,2011,Rabi       ,Madhya Pradesh,5248479.0,14537038,852.6,879225202.1,1731998.07,2.5908,3.2639607844,0.6731607843999998,-0.07945078682031362
Rice,2011,Kharif     ,Maharashtra,1516400.0,2784600,1174.095455,254027328.0,500412.0,1.319642857,2.5297916665,1.2101488095,-0.004910060240706449
Rice,2011,Summer     ,Maharashtra,27800.0,64300,1174.095455,4657056.0,9174.0,2.427777778,2.5297916665,0.10201388850000015,-0.004910060240706449
Wheat,2011,Rabi       ,Maharashtra,878100.0,1498800,1174.095455,147099312.0,289773.0,1.646666667,1.6967999998,0.050133332799999986,-0.014068680620906084
Wheat,2011,Rabi       ,Manipur,2150.0,5370,1533.561905,360168.0,709.5,2.473333333,2.503333333,0.03000000000000025,-0.012024793398530511
Rice,2011,Autumn     ,Mizoram,25826.0,26644,2439.340909,4326371.52,8522.58,1.04125,2.3105,1.2692500000000002,-0.013935060165558935
Rice,2011,Kharif     ,Mizoram,12700.0,25304,2439.340909,2127504.0,4191.0,2.03125,2.3105,0.2792500000000002,-0.013935060165558935
Rice,2011,Kharif     ,Nagaland,179050.0,376390,1544.354545,29994456.0,59086.5,2.049090909,2.703333333,0.654242424,-0.05846861003677185
Rice,2011,Rabi       ,Nagaland,2530.0,5990,1544.354545,423825.6,834.9,2.34,2.703333333,0.3633333329999999,-0.05846861003677185
Wheat,2011,Rabi       ,Nagaland,3150.0,5390,1544.354545,527688.0,1039.5,1.711111111,2.0675,0.356388889,-0.006476481794960914
Rice,2011,Kharif     ,Punjab,2818000.0,10542000,705.2,472071360.0,929940.0,3.7495,4.0065545456,0.2570545456000004,-0.030264221302923056
Rice,2011,Kharif     ,Tripura,265999.0,718304,2295.609091,44560152.48,87779.67,2.63,3.109,0.4790000000000001,-0.007632106413994544
Wheat,2011,Rabi       ,Tripura,274.0,536,2295.609091,45900.48,90.42,1.9375,2.2276428568,0.2901428568000002,-0.0058513337031468006
Rice,2011,Kharif     ,Uttar Pradesh,5922643.0,13962896,777.4,992161155.4,1954472.19,2.294444444,2.5863199999,0.29187555590000036,-0.022382130578575948
Rice,2011,Summer     ,Uttar Pradesh,23642.0,59496,777.4,3960507.84,7801.86,2.335909091,2.5863199999,0.2504109089000002,-0.022382130578575948
Wheat,2011,Rabi       ,Uttar Pradesh,9731150.0,31892480,777.4,1630162248.0,3211279.5,3.253333333,3.631626667,0.37829333399999987,-0.0330016622187964
Rice,2011,Kharif     ,Uttarakhand,261319.0,544497,1564.7,43776158.88,86235.27,1.684615385,3.563333333,1.878717948,-0.026755330127029565
Rice,2011,Summer     ,Uttarakhand,13680.0,45267,1564.7,2291673.6,4514.4,3.31,3.563333333,0.25333333300000005,-0.026755330127029565
Wheat,2011,Rabi       ,Uttarakhand,355549.0,864836,1564.7,59561568.48,117331.17,1.873076923,2.216153846,0.34307692300000014,-0.02716342003107162
Rice,2011,Autumn     ,Jharkhand,150654.0,126012,1374.7,25237558.08,49715.82,0.79173913,1.817916667,1.0261775370000001,-0.013243453171185455
Rice,2011,Winter     ,Jharkhand,832047.0,1250312,1374.7,139384513.4,274575.51,1.554166667,1.817916667,0.26374999999999993,-0.013243453171185455
Wheat,2011,Rabi       ,Jharkhand,47933.0,73657,1374.7,8029736.16,15817.89,1.486666667,2.0730833334,0.5864166664000001,-0.03585568697142837
Rice,2011,Autumn     ,West Bengal,212971.0,471282,1686.5,35676901.92,70280.43,2.072222222,3.1652222222,1.0930000002,-0.02538314263621085
Rice,2011,Summer     ,West Bengal,1221076.0,3875100,1686.5,204554651.5,402955.08,3.035,3.1652222222,0.13022222220000002,-0.02538314263621085
Rice,2011,Winter     ,West Bengal,3999653.0,10259384,1686.5,670021870.6,1319885.49,2.475555556,3.1652222222,0.6896666662,-0.02538314263621085
Wheat,2011,Rabi       ,West Bengal,315659.0,872895,1686.5,52879195.68,104167.47,2.49,2.603,0.11299999999999999,-0.02663665735044556
Rice,2012,Autumn     ,Bihar,540424.0,960007,924.1,81495939.2,167531.44,1.743793103,2.4173135014000002,0.6735203984000002,-0.03139790996179946
Rice,2012,Summer     ,Bihar,105117.0,285835,924.1,15851643.6,32586.27,2.396086957,2.4173135014000002,0.021226544400000158,-0.03139790996179946
Wheat,2012,Rabi       ,Bihar,2207704.0,6174260,924.1,332921763.2,684388.24,2.749210526,2.8600526312000003,0.11084210520000015,-0.03770118343832975
Rice,2012,Kharif     ,Chhattisgarh,3982172.0,7848401,1366.8,600511537.6,1234473.32,1.91962963,1.9303095241,0.01067989409999992,-0.03818290138278522
Wheat,2012,Rabi       ,Chhattisgarh,102230.0,143226,1366.8,15416284.0,31691.3,1.6104,1.6692307694000001,0.058830769400000094,-0.026485417028806763
Rice,2012,Kharif     ,Gujarat,672000.0,1408100,460.6,101337600.0,208320.0,1.98,3.1420606064,1.1620606063999999,-0.03721874456602503
Rice,2012,Summer     ,Gujarat,29100.0,89200,460.6,4388280.0,9021.0,2.943,3.1420606064,0.19906060639999978,-0.03721874456602503
Wheat,2012,Rabi       ,Gujarat,1023500.0,2944000,460.6,154343800.0,317285.0,2.9216,3.0332275,0.11162749999999999,-0.029867610732680034
Rice,2012,Kharif     ,Haryana,1206255.0,3941000,307.9,181903254.0,373939.05,3.041,3.0865714284,0.04557142840000017,-0.02539124459924147
Wheat,2012,Rabi       ,Haryana,2496905.0,11117000,307.9,376533274.0,774040.55,4.409047619,4.736900433,0.3278528139999999,-0.037498547764244536
Rice,2012,Kharif     ,Himachal Pradesh,75380.0,111252,1035.0,11367304.0,23367.8,1.577272727,1.6833636360000002,0.10609090900000018,-0.008601833320900254
Rice,2012,Kharif     ,Madhya Pradesh,1791157.0,3106146,1049.5,270106475.6,555258.67,1.631041667,1.8426666667,0.21162499969999993,-0.04386481251071414
Wheat,2012,Rabi       ,Madhya Pradesh,5601025.0,16510524,1049.5,844634570.0,1736317.75,2.8566,3.2639607844,0.40736078440000023,-0.07945078682031362
Rice,2012,Kharif     ,Maharashtra,1528100.0,3001640,1003.4,230437480.0,473711.0,1.316153846,2.5297916665,1.2136378205,-0.004910060240706449
Rice,2012,Summer     ,Maharashtra,30900.0,76400,1003.4,4659720.0,9579.0,2.38,2.5297916665,0.1497916665000001,-0.004910060240706449
Wheat,2012,Rabi       ,Maharashtra,785000.0,1198700,1003.4,118378000.0,243350.0,1.461034483,1.6967999998,0.23576551680000013,-0.014068680620906084
Rice,2012,Kharif     ,Manipur,122690.0,257580,1176.7,18501652.0,38033.9,1.937777778,2.3375555556,0.3997777775999998,0.004299556429973661
Wheat,2012,Rabi       ,Manipur,2400.0,6000,1176.7,361920.0,744.0,2.5,2.503333333,0.0033333330000000494,-0.012024793398530511
Rice,2012,Autumn     ,Mizoram,24706.0,27128,2050.2,3725664.8,7658.86,1.095,2.3105,1.2155000000000002,-0.013935060165558935
Rice,2012,Kharif     ,Mizoram,14330.0,29983,2050.2,2160964.0,4442.3,2.2925,2.3105,0.018000000000000238,-0.013935060165558935
Rice,2012,Kharif     ,Nagaland,179780.0,396230,1296.6,27110824.0,55731.8,2.15,2.703333333,0.5533333329999999,-0.05846861003677185
Rice,2012,Rabi       ,Nagaland,3550.0,8950,1296.6,535340.0,1100.5,2.52,2.703333333,0.18333333299999977,-0.05846861003677185
Wheat,2012,Rabi       ,Nagaland,3270.0,5890,1296.6,493116.0,1013.7,1.797777778,2.0675,0.26972222199999996,-0.006476481794960914
Rice,2012,Kharif     ,Punjab,2849000.0,11390000,338.9,429629200.0,883190.0,3.923636364,4.0065545456,0.0829181816000002,-0.030264221302923056
Wheat,2012,Rabi       ,Punjab,3517000.0,16614000,338.9,530363600.0,1090270.0,4.677272727,5.0055454544,0.3282727273999999,-0.029615890455251995
Rice,2012,Kharif     ,Tamil Nadu,1493276.0,4050334,706.8,225186020.8,462915.56,3.293225806,4.2939447004,1.0007188943999998,-0.03916288575278614
Rice,2012,Kharif     ,Tripura,254743.0,713222,1882.2,38415244.4,78970.33,2.78,3.109,0.3290000000000002,-0.007632106413994544
Rice,2012,Kharif     ,Uttar Pradesh,5837298.0,14353736,746.3,880264538.4,1809562.38,2.4092,2.5863199999,0.17711999990000038,-0.022382130578575948
Rice,2012,Summer     ,Uttar Pradesh,23984.0,62203,746.3,3616787.2,7435.04,2.434761905,2.5863199999,0.15155809490000038,-0.022382130578575948
Wheat,2012,Rabi       ,Uttar Pradesh,9733617.0,31332434,746.3,1467829444.0,3017421.27,3.2492,3.631626667,0.38242666699999983,-0.0330016622187964
Rice,2012,Kharif     ,Uttarakhand,255037.0,561339,1309.8,38459579.6,79061.47,1.750769231,3.563333333,1.812564102,-0.026755330127029565
Rice,2012,Summer     ,Uttarakhand,14200.0,45552,1309.8,2141360.0,4402.0,3.21,3.563333333,0.35333333300000014,-0.026755330127029565
Wheat,2012,Rabi       ,Uttarakhand,349669.0,853769,1309.8,52730085.2,108397.39,1.954615385,2.216153846,0.261538461,-0.02716342003107162
Rice,2012,Autumn     ,Jharkhand,148761.0,129693,1102.0,22433158.8,46115.91,0.761304348,1.817916667,1.056612319,-0.013243453171185455
Rice,2012,Winter     ,Jharkhand,942310.0,1292796,1102.0,142100348.0,292116.1,1.338333333,1.817916667,0.479583334,-0.013243453171185455
Wheat,2012,Rabi       ,Jharkhand,69336.0,128571,1102.0,10455868.8,21494.16,1.663333333,2.0730833334,0.4097500004000001,-0.03585568697142837
Rice,2012,Autumn     ,West Bengal,205082.0,471150,1566.0,30926365.6,63575.42,2.259444444,3.1652222222,0.9057777782,-0.02538314263621085
Rice,2012,Winter     ,West Bengal,4010973.0,10410533,1566.0,604854728.4,1243401.63,2.53,3.1652222222,0.6352222222000004,-0.02538314263621085
Wheat,2012,Rabi       ,West Bengal,321572.0,895927,1566.0,48493057.6,99687.32,2.555,2.603,0.04800000000000004,-0.02663665735044556
Rice,2013,Autumn     ,Bihar,549404.0,798676,1069.9,79383383.96,148339.08,1.413,2.4173135014000002,1.0043135014000002,-0.03139790996179946
Rice,2013,Summer     ,Bihar,92207.0,215952,1069.9,13322989.43,24895.89,2.233157895,2.4173135014000002,0.18415560640000006,-0.03139790996179946
Rice,2013,Winter     ,Bihar,2509203.0,5634961,1069.9,362554741.5,677484.81,2.066842105,2.4173135014000002,0.35047139640000013,-0.03139790996179946
Wheat,2013,Rabi       ,Bihar,2148818.0,6134679,1069.9,310482712.8,580180.86,2.835,2.8600526312000003,0.02505263120000034,-0.03770118343832975
Rice,2013,Kharif     ,Chhattisgarh,3987721.0,7102729,1418.3,576185807.3,1076684.67,1.75037037,1.9303095241,0.17993915409999994,-0.03818290138278522
Wheat,2013,Rabi       ,Chhattisgarh,105033.0,140756,1418.3,15176218.17,28358.91,1.5332,1.6692307694000001,0.13603076940000025,-0.026485417028806763
Rice,2013,Kharif     ,Gujarat,787300.0,1672585,1006.5,113756977.0,212571.0,1.939411765,3.1420606064,1.2026488413999998,-0.03721874456602503
Rice,2013,Summer     ,Gujarat,33099.0,105505,1006.5,4782474.51,8936.73,3.133636364,3.1420606064,0.008424242399999837,-0.03721874456602503
Wheat,2013,Rabi       ,Haryana,2499000.0,11800000,452.2,361080510.0,674730.0,4.623809524,4.736900433,0.1130909089999994,-0.037498547764244536
Rice,2013,Kharif     ,Himachal Pradesh,73139.0,106899,1216.9,10567854.11,19747.53,1.565454545,1.6833636360000002,0.11790909100000024,-0.008601833320900254
Wheat,2013,Rabi       ,Himachal Pradesh,415665.0,324283,1216.9,60059435.85,112229.55,0.786666667,1.8347499997,1.0480833327,-0.006310316858826909
Rice,2013,Kharif     ,Madhya Pradesh,1881546.0,3321724,1451.4,271864581.5,508017.42,1.410204082,1.8426666667,0.4324625847000001,-0.04386481251071414
Wheat,2013,Rabi       ,Madhya Pradesh,6123044.0,15722722,1451.4,884718627.6,1653221.88,2.538431373,3.2639607844,0.7255294114000002,-0.07945078682031362
Rice,2013,Kharif     ,Maharashtra,1567500.0,3016600,1409.8,226488075.0,423225.0,1.436,2.5297916665,1.0937916665,-0.004910060240706449
Rice,2013,Summer     ,Maharashtra,37400.0,91690,1409.8,5403926.0,10098.0,2.423333333,2.5297916665,0.1064583335,-0.004910060240706449
Wheat,2013,Rabi       ,Maharashtra,1028200.0,1480000,1409.8,148564618.0,277614.0,1.462413793,1.6967999998,0.2343862068,-0.014068680620906084
Wheat,2013,Rabi       ,Manipur,2160.0,5400,1428.8,312098.4,583.2,2.495,2.503333333,0.008333332999999943,-0.012024793398530511
Rice,2013,Autumn     ,Mizoram,22633.0,25671,1848.8,3270242.17,6110.91,1.10625,2.3105,1.2042500000000003,-0.013935060165558935
Rice,2013,Kharif     ,Mizoram,15620.0,32440,1848.8,2256933.8,4217.4,2.1475,2.3105,0.16300000000000026,-0.013935060165558935
Rice,2013,Rabi       ,Mizoram,550.0,883,1848.8,79469.5,148.5,1.666666667,2.3105,0.6438333330000001,-0.013935060165558935
Rice,2013,Kharif     ,Nagaland,185670.0,419640,1350.9,26827458.3,50130.9,2.203636364,2.703333333,0.49969696899999994,-0.05846861003677185
Rice,2013,Rabi       ,Nagaland,3810.0,10000,1350.9,550506.9,1028.7,2.633333333,2.703333333,0.06999999999999984,-0.05846861003677185
Wheat,2013,Rabi       ,Nagaland,3000.0,5470,1350.9,433470.0,810.0,1.824444444,2.0675,0.24305555599999984,-0.006476481794960914
Rice,2013,Kharif     ,Punjab,2851000.0,11267000,586.6,411940990.0,769770.0,3.834090909,4.0065545456,0.1724636366000003,-0.030264221302923056
Wheat,2013,Rabi       ,Punjab,3512000.0,17620000,586.6,507448880.0,948240.0,4.936818182,5.0055454544,0.06872727240000032,-0.029615890455251995
Rice,2013,Kharif     ,Telangana,1166334.0,3768045,1348.7,168523599.7,314910.18,3.115555556,3.5821875,0.46663194399999997,-0.04865454203782886
Rice,2013,Rabi       ,Telangana,828103.0,2813045,1348.7,119652602.5,223587.81,3.203333333,3.5821875,0.3788541670000001,-0.04865454203782886
Wheat,2013,Rabi       ,Telangana,7039.0,4366,1348.7,1017065.11,1900.53,0.74,2.0351,1.2951,-0.03498491541328485
Rice,2013,Kharif     ,Tripura,254254.0,711831,2043.5,36737160.46,68648.58,2.775,3.109,0.3340000000000001,-0.007632106413994544
Wheat,2013,Rabi       ,Tripura,150.0,300,2043.5,21673.5,40.5,1.93375,2.2276428568,0.2938928568000001,-0.0058513337031468006
Rice,2013,Kharif     ,Uttar Pradesh,5955306.0,14565665,995.2,860482163.9,1607932.62,2.396133333,2.5863199999,0.1901866669000003,-0.022382130578575948
Rice,2013,Summer     ,Uttar Pradesh,27063.0,70171,995.2,3910332.87,7307.01,2.479047619,2.5863199999,0.10727238090000002,-0.022382130578575948
Wheat,2013,Rabi       ,Uttar Pradesh,9839197.0,31492656,995.2,1421665575.0,2656583.19,3.2156,3.631626667,0.4160266670000001,-0.0330016622187964
Rice,2013,Kharif     ,Uttarakhand,246959.0,551758,1735.4,35683105.91,66678.93,1.736153846,3.563333333,1.8271794870000002,-0.026755330127029565
Rice,2013,Summer     ,Uttarakhand,12420.0,41310,1735.4,1794565.8,3353.4,3.353333333,3.563333333,0.20999999999999996,-0.026755330127029565
Wheat,2013,Rabi       ,Uttarakhand,343637.0,848134,1735.4,49652110.13,92781.99,1.978461538,2.216153846,0.23769230800000019,-0.02716342003107162
Rice,2013,Autumn     ,Jharkhand,154068.0,131682,1253.6,22261285.32,41598.36,0.854782609,1.817916667,0.963134058,-0.013243453171185455
Rice,2013,Winter     ,Jharkhand,933073.0,1366639,1253.6,134819717.8,251929.71,1.422083333,1.817916667,0.395833334,-0.013243453171185455
Wheat,2013,Rabi       ,Jharkhand,73527.0,106208,1253.6,10623916.23,19852.29,1.550416667,2.0730833334,0.5226666664000001,-0.03585568697142837
Rice,2013,Autumn     ,West Bengal,210036.0,493651,1939.9,30348101.64,56709.72,2.252777778,3.1652222222,0.9124444442000001,-0.02538314263621085
Rice,2013,Summer     ,West Bengal,1286995.0,4338142,1939.9,185957907.6,347488.65,3.127222222,3.1652222222,0.03800000020000027,-0.02538314263621085
Rice,2013,Winter     ,West Bengal,4016656.0,10545076,1939.9,580366625.4,1084497.12,2.626111111,3.1652222222,0.5391111112,-0.02538314263621085
Wheat,2013,Rabi       ,West Bengal,331481.0,927837,1939.9,47895689.69,89499.87,2.538888889,2.603,0.06411111100000033,-0.02663665735044556
Rice,2014,Autumn     ,Bihar,581128.0,1010341,1061.0,87727082.88,191772.24,1.738965517,2.4173135014000002,0.6783479844000002,-0.03139790996179946
Rice,2014,Summer     ,Bihar,82265.0,181555,1061.0,12418724.4,27147.45,1.971764706,2.4173135014000002,0.44554879540000014,-0.03139790996179946
Wheat,2014,Rabi       ,Bihar,2154423.0,3570211,1061.0,325231696.1,710959.59,1.676315789,2.8600526312000003,1.1837368422000003,-0.03770118343832975
Rice,2014,Kharif     ,Chhattisgarh,4035700.0,7977746,1274.7,609229272.0,1331781.0,1.92962963,1.9303095241,0.0006798940999999115,-0.03818290138278522
Rice,2014,Kharif     ,Gujarat,763205.0,1671308,605.6,115213426.8,251857.65,1.867368421,3.1420606064,1.2746921854,-0.03721874456602503
Wheat,2014,Rabi       ,Gujarat,1171449.0,3293487,605.6,176841941.0,386578.17,2.8178125,3.0332275,0.21541500000000013,-0.029867610732680034
Rice,2014,Kharif     ,Haryana,1277000.0,3989000,301.3,192775920.0,421410.0,2.9465,3.0865714284,0.1400714284000002,-0.02539124459924147
Wheat,2014,Rabi       ,Haryana,2628000.0,10457000,301.3,396722880.0,867240.0,3.782857143,4.736900433,0.9540432899999995,-0.037498547764244536
Rice,2014,Kharif     ,Madhya Pradesh,2057000.0,3522660,891.2,310524720.0,678810.0,1.663488372,1.8426666667,0.17917829470000002,-0.04386481251071414
Wheat,2014,Rabi       ,Madhya Pradesh,5999000.0,18463000,891.2,905609040.0,1979670.0,2.904705882,3.2639607844,0.3592549024,-0.07945078682031362
Rice,2014,Kharif     ,Maharashtra,1508400.0,2835400,1001.6,227708064.0,497772.0,1.3064,2.5297916665,1.2233916665,-0.004910060240706449
Rice,2014,Summer     ,Maharashtra,42800.0,111200,1001.6,6461088.0,14124.0,2.52375,2.5297916665,0.00604166649999982,-0.004910060240706449
Wheat,2014,Rabi       ,Maharashtra,1067300.0,1307700,1001.6,161119608.0,352209.0,1.20137931,1.6967999998,0.4954206898,-0.014068680620906084
Rice,2014,Kharif     ,Manipur,224380.0,501980,987.5,33872404.8,74045.4,2.073333333,2.3375555556,0.26422222259999995,0.004299556429973661
Rice,2014,Autumn     ,Mizoram,20064.0,23583,2029.9,3028861.44,6621.12,1.14875,2.3105,1.1617500000000003,-0.013935060165558935
Rice,2014,Kharif     ,Mizoram,16380.0,35983,2029.9,2472724.8,5405.4,2.2825,2.3105,0.028000000000000025,-0.013935060165558935
Rice,2014,Rabi       ,Mizoram,486.0,1113,2029.9,73366.56,160.38,2.063333333,2.3105,0.24716666700000012,-0.013935060165558935
Rice,2014,Kharif     ,Nagaland,191230.0,443450,1333.3,28868080.8,63105.9,2.260909091,2.703333333,0.44242424199999997,-0.05846861003677185
Rice,2014,Rabi       ,Nagaland,4010.0,10740,1333.3,605349.6,1323.3,2.683333333,2.703333333,0.019999999999999574,-0.05846861003677185
Wheat,2014,Rabi       ,Nagaland,3070.0,5600,1333.3,463447.2,1013.1,1.823333333,2.0675,0.244166667,-0.006476481794960914
Rice,2014,Kharif     ,Punjab,2894000.0,11107000,382.7,436878240.0,955020.0,3.728181818,4.0065545456,0.2783727276000003,-0.030264221302923056
Wheat,2014,Rabi       ,Punjab,3505000.0,15050000,382.7,529114800.0,1156650.0,4.174090909,5.0055454544,0.8314545453999997,-0.029615890455251995
Rice,2014,Kharif     ,Telangana,920307.0,2854873,746.4,138929544.7,303701.31,2.958888889,3.5821875,0.6232986110000001,-0.04865454203782886
Rice,2014,Rabi       ,Telangana,495113.0,1690109,746.4,74742258.48,163387.29,3.332222222,3.5821875,0.2499652779999999,-0.04865454203782886
Wheat,2014,Rabi       ,Telangana,5828.0,6929,746.4,879794.88,1923.24,1.156,2.0351,0.8791,-0.03498491541328485
Rice,2014,Kharif     ,Tripura,257273.0,746954,2015.7,38837932.08,84900.09,2.885,3.109,0.2240000000000002,-0.007632106413994544
Wheat,2014,Rabi       ,Tripura,135.0,304,2015.7,20379.6,44.55,2.21375,2.2276428568,0.013892856800000075,-0.0058513337031468006
Rice,2014,Kharif     ,Uttar Pradesh,5842029.0,13241518,616.4,881912697.8,1927869.57,2.240533333,2.5863199999,0.34578666690000004,-0.022382130578575948
Rice,2014,Summer     ,Uttar Pradesh,29947.0,75449,616.4,4520799.12,9882.51,2.384090909,2.5863199999,0.20222909089999996,-0.022382130578575948
Wheat,2014,Rabi       ,Uttar Pradesh,9846466.0,20054791,616.4,1486422507.0,3249333.78,2.065466667,3.631626667,1.56616,-0.0330016622187964
Rice,2014,Kharif     ,Uttarakhand,247698.0,561856,1287.4,37392490.08,81740.34,1.738461538,3.563333333,1.8248717950000002,-0.026755330127029565
Rice,2014,Summer     ,Uttarakhand,12394.0,39004,1287.4,1870998.24,4090.02,3.15,3.563333333,0.4133333330000002,-0.026755330127029565
Wheat,2014,Rabi       ,Uttarakhand,343879.0,662026,1287.4,51911973.84,113480.07,1.543076923,2.216153846,0.673076923,-0.02716342003107162
Rice,2014,Autumn     ,Jharkhand,139909.0,143816,1156.6,21120662.64,46169.97,1.01,1.817916667,0.807916667,-0.013243453171185455
Rice,2014,Winter     ,Jharkhand,849093.0,1248966,1156.6,128179079.3,280200.69,1.416666667,1.817916667,0.4012499999999999,-0.013243453171185455
Wheat,2014,Rabi       ,Jharkhand,63741.0,96435,1156.6,9622341.36,21034.53,1.46625,2.0730833334,0.6068333334,-0.03585568697142837
Wheat,2014,Winter     ,Jharkhand,23515.0,42516,1156.6,3549824.4,7759.95,1.436428571,2.0730833334,0.6366547624000001,-0.03585568697142837
Rice,2014,Autumn     ,West Bengal,227829.0,591451,1483.5,34393065.84,75183.57,2.516111111,3.1652222222,0.6491111112000003,-0.02538314263621085
Rice,2014,Winter     ,West Bengal,4008662.0,10983992,1483.5,605147615.5,1322858.46,2.700555556,3.1652222222,0.4646666662000003,-0.02538314263621085
Rice,2015,Autumn     ,Bihar,549012.0,725206,874.0,86694484.92,181173.96,1.347142857,2.4173135014000002,1.0701706444000003,-0.03139790996179946
Rice,2015,Winter     ,Bihar,2602000.0,5876027,874.0,410881820.0,858660.0,2.166052632,2.4173135014000002,0.25126086940000025,-0.03139790996179946
Wheat,2015,Rabi       ,Bihar,2110750.0,4736448,874.0,333308532.5,696547.5,2.312631579,2.8600526312000003,0.5474210522000003,-0.03770118343832975
Rice,2015,Kharif     ,Chhattisgarh,3959746.0,5154328,1136.0,625283490.9,1306716.18,1.21962963,1.9303095241,0.7106798940999999,-0.03818290138278522
Wheat,2015,Rabi       ,Chhattisgarh,105785.0,142329,1136.0,16704509.35,34909.05,1.522,1.6692307694000001,0.14723076940000013,-0.026485417028806763
Rice,2015,Kharif     ,Gujarat,741042.0,1584355,584.3,117017942.2,244543.86,1.895238095,3.1420606064,1.2468225113999998,-0.03721874456602503
Wheat,2015,Rabi       ,Gujarat,857696.0,2315849,584.3,135438775.4,283039.68,2.6759375,3.0332275,0.35729000000000033,-0.029867610732680034
Rice,2015,Kharif     ,Haryana,1353000.0,4142000,426.8,213652230.0,446490.0,2.963,3.0865714284,0.12357142840000002,-0.02539124459924147
Wheat,2015,Rabi       ,Haryana,2576000.0,11350000,426.8,406776160.0,850080.0,4.252857143,4.736900433,0.4840432899999998,-0.037498547764244536
Rice,2015,Kharif     ,Himachal Pradesh,71614.0,114670,1223.2,11308566.74,23632.62,1.612727273,1.6833636360000002,0.0706363630000002,-0.008601833320900254
Wheat,2015,Rabi       ,Himachal Pradesh,342675.0,602287,1223.2,54111809.25,113082.75,1.605,1.8347499997,0.2297499997000001,-0.006310316858826909
Rice,2015,Kharif     ,Madhya Pradesh,2027000.0,3546790,1000.7,320083570.0,668910.0,1.701904762,1.8426666667,0.14076190469999994,-0.04386481251071414
Wheat,2015,Rabi       ,Madhya Pradesh,5914000.0,18408000,1000.7,933879740.0,1951620.0,2.961372549,3.2639607844,0.3025882354,-0.07945078682031362
Rice,2015,Kharif     ,Maharashtra,1471400.0,2517100,875.7,232348774.0,485562.0,1.334583333,2.5297916665,1.1952083334999999,-0.004910060240706449
Wheat,2015,Rabi       ,Maharashtra,910854.0,981351,875.7,143832955.1,300581.82,1.0278125,1.6967999998,0.6689874998,-0.014068680620906084
Rice,2015,Kharif     ,Manipur,237000.0,508140,1329.1,37424670.0,78210.0,1.876666667,2.3375555556,0.46088888859999977,0.004299556429973661
Wheat,2015,Rabi       ,Manipur,2250.0,5620,1329.1,355297.5,742.5,2.503333333,2.503333333,0.0,-0.012024793398530511
Rice,2015,Autumn     ,Mizoram,19851.0,24343,2310.8,3134671.41,6550.83,1.22375,2.3105,1.0867500000000003,-0.013935060165558935
Rice,2015,Kharif     ,Mizoram,16804.0,36471,2310.8,2653519.64,5545.32,2.16,2.3105,0.15050000000000008,-0.013935060165558935
Rice,2015,Kharif     ,Nagaland,176790.0,427240,1308.3,27916908.9,58340.7,2.41,2.703333333,0.29333333299999964,-0.05846861003677185
Rice,2015,Rabi       ,Nagaland,4520.0,12220,1308.3,713753.2,1491.6,2.703333333,2.703333333,0.0,-0.05846861003677185
Wheat,2015,Rabi       ,Nagaland,3250.0,5950,1308.3,513207.5,1072.5,1.828888889,2.0675,0.238611111,-0.006476481794960914
Rice,2015,Kharif     ,Punjab,2975000.0,11823000,512.6,469782250.0,981750.0,3.923181818,4.0065545456,0.08337272760000003,-0.030264221302923056
Wheat,2015,Rabi       ,Punjab,3508000.0,16077000,512.6,553948280.0,1157640.0,4.552272727,5.0055454544,0.4532727273999999,-0.029615890455251995
Rice,2015,Kharif     ,Telangana,748713.0,2197030,747.9,118229269.8,247075.29,2.822222222,3.5821875,0.7599652779999997,-0.04865454203782886
Rice,2015,Rabi       ,Telangana,297475.0,850259,747.9,46974277.25,98166.75,2.785555556,3.5821875,0.796631944,-0.04865454203782886
Rice,2015,Kharif     ,Tripura,199818.0,575826,2334.4,31553260.38,65939.94,2.895,3.109,0.21399999999999997,-0.007632106413994544
Rice,2015,Summer     ,Tripura,69975.0,219022,2334.4,11049752.25,23091.75,3.04625,3.109,0.06274999999999986,-0.007632106413994544
Wheat,2015,Rabi       ,Tripura,182.0,407,2334.4,28739.62,60.06,2.221428571,2.2276428568,0.006214285800000052,-0.0058513337031468006
Rice,2015,Kharif     ,Uttar Pradesh,5837445.0,12434053,596.7,921790939.9,1926356.85,2.096133333,2.5863199999,0.4901866669000001,-0.022382130578575948
Rice,2015,Summer     ,Uttar Pradesh,24595.0,67107,596.7,3883796.45,8116.35,2.295,2.5863199999,0.29131999990000024,-0.022382130578575948
Wheat,2015,Rabi       ,Uttar Pradesh,9644838.0,26874361,596.7,1523016369.0,3182796.54,2.768,3.631626667,0.8636266670000001,-0.0330016622187964
Rice,2015,Kharif     ,Uttarakhand,252163.0,591755,1247.6,39819059.33,83213.79,1.795384615,3.563333333,1.7679487180000002,-0.026755330127029565
Wheat,2015,Rabi       ,Uttarakhand,342650.0,790370,1247.6,54107861.5,113074.5,1.675384615,2.216153846,0.5407692310000001,-0.02716342003107162
Rice,2015,Autumn     ,Jharkhand,145866.0,88110,1085.6,23033700.06,48135.78,0.606956522,1.817916667,1.210960145,-0.013243453171185455
Rice,2015,Winter     ,Jharkhand,1016623.0,674135,1085.6,160534937.9,335485.59,0.6625,1.817916667,1.155416667,-0.013243453171185455
Wheat,2015,Rabi       ,Jharkhand,71027.0,113701,1085.6,11215873.57,23438.91,1.456666667,2.0730833334,0.6164166664000001,-0.03585568697142837
Rice,2015,Autumn     ,West Bengal,235970.0,612966,1717.0,37262022.7,77870.1,2.48,3.1652222222,0.6852222222000002,-0.02538314263621085
Rice,2015,Summer     ,West Bengal,1310585.0,4424392,1717.0,206954477.4,432493.05,3.155,3.1652222222,0.010222222200000353,-0.02538314263621085
Rice,2015,Winter     ,West Bengal,3977400.0,10910896,1717.0,628071234.0,1312542.0,2.670555556,3.1652222222,0.4946666662000001,-0.02538314263621085
Wheat,2015,Rabi       ,West Bengal,339851.0,788503,1717.0,53665871.41,112150.83,2.191111111,2.603,0.4118888890000001,-0.02663665735044556
Rice,2016,Kharif     ,Arunachal Pradesh,131000.0,220000,2933.7,20075750.0,45850.0,1.606,1.7284818184,0.12248181839999983,-0.025309504663061796
Wheat,2016,Rabi       ,Arunachal Pradesh,3910.0,7700,2933.7,599207.5,1368.5,2.105,2.1424545456,0.037454545600000166,-0.035720275569967624
Rice,2016,Autumn     ,Bihar,556827.0,949371,1205.6,85333737.75,194889.45,1.736153846,2.4173135014000002,0.6811596554000003,-0.03139790996179946
Wheat,2016,Rabi       ,Bihar,2105811.0,5985841,1205.6,322715535.8,737033.85,2.781315789,2.8600526312000003,0.0787368422000001,-0.03770118343832975
Wheat,2016,Rabi       ,Chhattisgarh,102114.0,151078,1298.9,15648970.5,35739.9,1.660769231,1.6692307694000001,0.00846153840000019,-0.026485417028806763
Rice,2016,Kharif     ,Gujarat,792207.0,1808275,710.5,121405722.8,277272.45,2.0745,3.1420606064,1.0675606063999998,-0.03721874456602503
Rice,2016,Summer     ,Gujarat,55403.0,180196,710.5,8490509.75,19391.05,3.133333333,3.1420606064,0.008727273399999902,-0.03721874456602503
Wheat,2016,Rabi       ,Gujarat,999370.0,2757755,710.5,153153452.5,349779.5,2.7428125,3.0332275,0.2904150000000003,-0.029867610732680034
Rice,2016,Kharif     ,Haryana,1384700.0,4451000,554.7,212205275.0,484645.0,2.9505,3.0865714284,0.1360714284000002,-0.02539124459924147
Rice,2016,Kharif     ,Himachal Pradesh,70855.0,103557,1373.9,10858528.75,24799.25,1.559090909,1.6833636360000002,0.12427272700000014,-0.008601833320900254
Wheat,2016,Rabi       ,Himachal Pradesh,325910.0,331303,1373.9,49945707.5,114068.5,1.0275,1.8347499997,0.8072499997,-0.006310316858826909
Rice,2016,Kharif     ,Maharashtra,1465730.0,3419021,1151.1,224623122.5,513005.5,1.664444444,2.5297916665,0.8653472225000001,-0.004910060240706449
Rice,2016,Summer     ,Maharashtra,69640.0,161900,1151.1,10672330.0,24374.0,2.369166667,2.5297916665,0.16062499949999998,-0.004910060240706449
Rice,2016,Kharif     ,Manipur,244000.0,645600,2039.8,37393000.0,85400.0,2.313333333,2.3375555556,0.024222222599999732,0.004299556429973661
Wheat,2016,Rabi       ,Manipur,2250.0,5620,2039.8,344812.5,787.5,2.503333333,2.503333333,0.0,-0.012024793398530511
Rice,2016,Autumn     ,Mizoram,19602.0,23665,2626.8,3004006.5,6860.7,1.21125,2.3105,1.0992500000000003,-0.013935060165558935
Rice,2016,Kharif     ,Mizoram,16862.0,36979,2626.8,2584101.5,5901.7,2.2325,2.3105,0.07800000000000029,-0.013935060165558935
Rice,2016,Rabi       ,Mizoram,394.0,872,2626.8,60380.5,137.9,2.21,2.3105,0.10050000000000026,-0.013935060165558935
Rice,2016,Kharif     ,Nagaland,201860.0,491660,1959.8,30935045.0,70651.0,2.391818182,2.703333333,0.3115151509999996,-0.05846861003677185
Wheat,2016,Rabi       ,Nagaland,3380.0,6220,1959.8,517985.0,1183.0,1.838888889,2.0675,0.22861111099999998,-0.006476481794960914
Wheat,2016,Rabi       ,Punjab,3495000.0,17636000,635.9,535608750.0,1223250.0,4.975,5.0055454544,0.030545454400000338,-0.029615890455251995
Rice,2016,Kharif     ,Telangana,889351.0,3028634,942.6,136293040.8,311272.85,3.229666667,3.5821875,0.3525208329999998,-0.04865454203782886
Wheat,2016,Rabi       ,Telangana,5409.0,7413,942.6,828929.25,1893.15,1.223571429,2.0351,0.811528571,-0.03498491541328485
Rice,2016,Autumn     ,Tripura,38136.0,101574,2475.3,5844342.0,13347.6,2.5475,3.109,0.5615000000000001,-0.007632106413994544
Rice,2016,Kharif     ,Tripura,16843.0,18190,2475.3,2581189.75,5895.05,1.05875,3.109,2.05025,-0.007632106413994544
Rice,2016,Winter     ,Tripura,150250.0,463371,2475.3,23025812.5,52587.5,3.05375,3.109,0.05525000000000002,-0.007632106413994544
Rice,2016,Kharif     ,Uttar Pradesh,5965657.0,14396168,965.3,914236935.3,2087979.95,2.3668,2.5863199999,0.21951999990000015,-0.022382130578575948
Rice,2016,Summer     ,Uttar Pradesh,26051.0,74184,965.3,3992315.75,9117.85,2.484117647,2.5863199999,0.10220235290000002,-0.022382130578575948
Wheat,2016,Rabi       ,Uttar Pradesh,9884913.0,34971381,965.3,1514862917.0,3459719.55,3.558666667,3.631626667,0.07296000000000014,-0.0330016622187964
Rice,2016,Kharif     ,Uttarakhand,251498.0,582720,1580.9,38542068.5,88024.3,1.779230769,3.563333333,1.7841025640000001,-0.026755330127029565
Wheat,2016,Rabi       ,Uttarakhand,339572.0,891700,1580.9,52039409.0,118850.2,1.962307692,2.216153846,0.2538461540000001,-0.02716342003107162
Rice,2016,Autumn     ,Jharkhand,137925.0,154026,1296.3,21137006.25,48273.75,0.912,1.817916667,0.905916667,-0.013243453171185455
Rice,2016,Autumn     ,West Bengal,247978.0,642310,1795.8,38002628.5,86792.3,2.493809524,3.1652222222,0.6714126982000002,-0.02538314263621085
Rice,2016,Winter     ,West Bengal,3963495.0,10996579,1795.8,607405608.8,1387223.25,2.691363636,3.1652222222,0.4738585862,-0.02538314263621085
Wheat,2016,Rabi       ,West Bengal,321621.0,862712,1795.8,49288418.25,112567.35,2.394545455,2.603,0.20845454500000038,-0.02663665735044556
Rice,2017,Kharif     ,Arunachal Pradesh,132000.0,233335,2745.5,20782080.0,50160.0,1.6915,1.7284818184,0.03698181839999992,-0.025309504663061796
Wheat,2017,Rabi       ,Arunachal Pradesh,3930.0,7742,2745.5,618739.2,1493.4,2.102,2.1424545456,0.04045454560000028,-0.035720275569967624
Rice,2017,Autumn     ,Bihar,522698.0,903286,1112.0,82293573.12,198625.24,1.78173913,2.4173135014000002,0.6355743714000002,-0.03139790996179946
Rice,2017,Summer     ,Bihar,67865.0,143832,1112.0,10684665.6,25788.7,2.034285714,2.4173135014000002,0.3830277874000001,-0.03139790996179946
Rice,2017,Kharif     ,Chhattisgarh,3976626.0,5749044,1124.5,626079997.4,1511117.88,1.386296296,1.9303095241,0.5440132280999999,-0.03818290138278522
Wheat,2017,Rabi       ,Chhattisgarh,102195.0,141642,1124.5,16089580.8,38834.1,1.497692308,1.6692307694000001,0.17153846140000018,-0.026485417028806763
Rice,2017,Kharif     ,Gujarat,802674.0,1749613,814.8,126372994.6,305016.12,2.0375,3.1420606064,1.1045606063999998,-0.03721874456602503
Rice,2017,Summer     ,Gujarat,52616.0,140196,814.8,8283863.04,19994.08,2.657857143,3.1420606064,0.48420346339999965,-0.03721874456602503
Wheat,2017,Rabi       ,Gujarat,1058778.0,3101037,814.8,166694008.3,402335.64,2.926666667,3.0332275,0.10656083300000008,-0.029867610732680034
Wheat,2017,Rabi       ,Haryana,2530500.0,12265100,417.1,398401920.0,961590.0,4.705454545,4.736900433,0.03144588799999948,-0.037498547764244536
Rice,2017,Kharif     ,Himachal Pradesh,71613.0,114785,1182.2,11274750.72,27212.94,1.618181818,1.6833636360000002,0.06518181800000011,-0.008601833320900254
Wheat,2017,Rabi       ,Himachal Pradesh,342675.0,603587,1182.2,53950752.0,130216.5,1.608333333,1.8347499997,0.22641666670000005,-0.006310316858826909
Rice,2017,Kharif     ,Madhya Pradesh,2023070.0,4869658,800.0,318512140.8,768766.6,1.806888889,1.8426666667,0.0357777776999999,-0.04386481251071414
Rice,2017,Kharif     ,Maharashtra,1424765.0,2668600,1129.5,224315001.6,541410.7,1.637916667,2.5297916665,0.8918749994999999,-0.004910060240706449
Wheat,2017,Rabi       ,Maharashtra,1137731.5,1884842,1129.5,179124447.4,432337.97,1.505483871,1.6967999998,0.19131612880000004,-0.014068680620906084
Rice,2017,Kharif     ,Manipur,236710.0,607820,1780.0,37267622.4,89949.8,2.18,2.3375555556,0.15755555559999967,0.004299556429973661
Wheat,2017,Rabi       ,Manipur,2250.0,5620,1780.0,354240.0,855.0,2.503333333,2.503333333,0.0,-0.012024793398530511
Rice,2017,Autumn     ,Mizoram,19587.5,23580,3865.8,3083856.0,7443.25,1.18625,2.3105,1.1242500000000002,-0.013935060165558935
Rice,2017,Kharif     ,Mizoram,16039.7,35029,3865.8,2525290.368,6095.086,2.15625,2.3105,0.15425000000000022,-0.013935060165558935
Rice,2017,Rabi       ,Mizoram,487.0,998,3865.8,76673.28,185.06,2.09,2.3105,0.22050000000000036,-0.013935060165558935
Rice,2017,Kharif     ,Nagaland,206750.0,509590,1722.1,32550720.0,78565.0,2.421818182,2.703333333,0.2815151509999998,-0.05846861003677185
Wheat,2017,Rabi       ,Nagaland,3410.0,6260,1722.1,536870.4,1295.8,1.834444444,2.0675,0.23305555599999983,-0.006476481794960914
Rice,2017,Kharif     ,Telangana,1046987.0,2946004,815.7,164837633.3,397855.06,2.672333333,3.5821875,0.9098541669999998,-0.04865454203782886
Rice,2017,Rabi       ,Telangana,915389.0,3317425,815.7,144118844.2,347847.82,3.532666667,3.5821875,0.049520832999999875,-0.04865454203782886
Wheat,2017,Kharif     ,Telangana,2.0,2,815.7,314.88,0.76,1.0,2.0351,1.0351,-0.03498491541328485
Wheat,2017,Rabi       ,Telangana,4156.0,5771,815.7,654320.64,1579.28,1.429,2.0351,0.6060999999999999,-0.03498491541328485
Rice,2017,Autumn     ,Tripura,37775.0,104258,3326.8,5947296.0,14354.5,2.68125,3.109,0.4277500000000001,-0.007632106413994544
Rice,2017,Kharif     ,Tripura,15837.0,16787,3326.8,2493377.28,6018.06,1.02625,3.109,2.08275,-0.007632106413994544
Rice,2017,Winter     ,Tripura,148232.0,455932,3326.8,23337646.08,56328.16,3.045,3.109,0.06400000000000006,-0.007632106413994544
Wheat,2017,Rabi       ,Tripura,195.0,396,3326.8,30700.8,74.1,2.025,2.2276428568,0.20264285680000027,-0.0058513337031468006
Rice,2017,Kharif     ,Uttar Pradesh,5897871.0,15441958,652.1,928560810.2,2241190.98,2.541333333,2.5863199999,0.044986666900000305,-0.022382130578575948
Rice,2017,Kharif     ,Uttarakhand,246539.0,620027,1475.8,38815100.16,93684.82,1.909230769,3.563333333,1.654102564,-0.026755330127029565
Rice,2017,Summer     ,Uttarakhand,13953.0,44845,1475.8,2196760.32,5302.14,3.223333333,3.563333333,0.3400000000000003,-0.026755330127029565
Wheat,2017,Rabi       ,Uttarakhand,330401.0,929884,1475.8,52018333.44,125552.38,2.100769231,2.216153846,0.11538461499999997,-0.02716342003107162
Rice,2017,Autumn     ,West Bengal,249341.0,633542,1830.0,39256247.04,94749.58,2.45,3.1652222222,0.7152222222,-0.02538314263621085
Rice,2017,Winter     ,West Bengal,3992412.0,11010468,1830.0,628565345.3,1517116.56,2.684545455,3.1652222222,0.4806767672000003,-0.02538314263621085
Rice,2018,Autumn     ,Bihar,445393.0,615668,1521.4,72242744.6,155887.55,1.439545455,2.4173135014000002,0.9777680464000003,-0.03139790996179946
Rice,2018,Summer     ,Bihar,60400.0,136281,1521.4,9796880.0,21140.0,2.205,2.4173135014000002,0.21231350140000016,-0.03139790996179946
Rice,2018,Winter     ,Bihar,2653929.0,5403580,1521.4,430467283.8,928875.15,1.809210526,2.4173135014000002,0.6081029754000002,-0.03139790996179946
Rice,2018,Kharif     ,Chhattisgarh,4141378.0,6509430,1515.5,671731511.6,1449482.3,1.521481481,1.9303095241,0.4088280431,-0.03818290138278522
Rice,2018,Kharif     ,Gujarat,809367.0,1819260,1125.4,131279327.4,283278.45,2.131,3.1420606064,1.0110606064,-0.03721874456602503
Rice,2018,Summer     ,Gujarat,29582.0,92755,1125.4,4798200.4,10353.7,2.676153846,3.1420606064,0.4659067603999998,-0.03721874456602503
Wheat,2018,Rabi       ,Gujarat,797156.0,2407132,1125.4,129298703.2,279004.6,3.0109375,3.0332275,0.022290000000000365,-0.029867610732680034
Rice,2018,Kharif     ,Haryana,1447000.0,4516000,533.2,234703400.0,506450.0,2.94952381,3.0865714284,0.13704761840000002,-0.02539124459924147
Rice,2018,Kharif     ,Himachal Pradesh,71810.0,114896,1052.2,11647582.0,25133.5,1.623636364,1.6833636360000002,0.059727272000000164,-0.008601833320900254
Wheat,2018,Rabi       ,Himachal Pradesh,319002.0,564634,1052.2,51742124.4,111650.7,1.594166667,1.8347499997,0.24058333269999999,-0.006310316858826909
Rice,2018,Kharif     ,Jharkhand,1527103.0,2894101,1222.7,247696106.6,534486.05,1.817916667,1.817916667,0.0,-0.013243453171185455
Wheat,2018,Rabi       ,Jharkhand,163847.0,302559,1222.7,26575983.4,57346.45,1.921666667,2.0730833334,0.15141666640000007,-0.03585568697142837
Rice,2018,Kharif     ,Madhya Pradesh,2794020.0,5238850,1102.2,453190044.0,977907.0,1.444901961,1.8426666667,0.3977647057,-0.04386481251071414
Wheat,2018,Rabi       ,Madhya Pradesh,7721549.0,25276038,1102.2,1252435248.0,2702542.15,3.141764706,3.2639607844,0.12219607840000002,-0.07945078682031362
Rice,2018,Kharif     ,Maharashtra,1417445.0,3143748,1387.4,229909579.0,496105.75,1.657916667,2.5297916665,0.8718749994999999,-0.004910060240706449
Wheat,2018,Rabi       ,Maharashtra,834423.25,1249407,1387.4,135343451.1,292048.1375,1.388666667,1.6967999998,0.3081333328,-0.014068680620906084
Rice,2018,Kharif     ,Manipur,233500.0,602430,1196.9,37873700.0,81725.0,2.232222222,2.3375555556,0.10533333359999997,0.004299556429973661
Wheat,2018,Rabi       ,Manipur,2290.0,5730,1196.9,371438.0,801.5,2.395555556,2.503333333,0.10777777699999991,-0.012024793398530511
Rice,2018,Autumn     ,Mizoram,18957.0,23372,1665.2,3074825.4,6634.95,1.215,2.3105,1.0955000000000001,-0.013935060165558935
Rice,2018,Kharif     ,Mizoram,16133.0,35678,1665.2,2616772.6,5646.55,2.1975,2.3105,0.11300000000000043,-0.013935060165558935
Rice,2018,Rabi       ,Mizoram,460.0,960,1665.2,74612.0,161.0,2.115,2.3105,0.1955,-0.013935060165558935
Rice,2018,Kharif     ,Nagaland,208990.0,519600,1372.7,33898178.0,73146.5,2.444545455,2.703333333,0.2587878779999997,-0.05846861003677185
Wheat,2018,Rabi       ,Nagaland,3420.0,6260,1372.7,554724.0,1197.0,1.83,2.0675,0.23749999999999982,-0.006476481794960914
Rice,2018,Kharif     ,Telangana,1189264.0,4135049,1350.3,192898620.8,416242.4,3.3065625,3.5821875,0.2756249999999998,-0.04865454203782886
Rice,2018,Rabi       ,Telangana,742508.0,2533895,1350.3,120434797.6,259877.8,3.208125,3.5821875,0.37406249999999996,-0.04865454203782886
Wheat,2018,Rabi       ,Telangana,4844.0,9093,1350.3,785696.8,1695.4,1.807,2.0351,0.22809999999999997,-0.03498491541328485
Rice,2018,Autumn     ,Tripura,35340.0,93453,2169.1,5732148.0,12369.0,2.50625,3.109,0.6027499999999999,-0.007632106413994544
Rice,2018,Kharif     ,Tripura,15382.0,16267,2169.1,2494960.4,5383.7,1.05375,3.109,2.05525,-0.007632106413994544
Rice,2018,Summer     ,Tripura,70742.0,232551,2169.1,11474352.4,24759.7,3.0775,3.109,0.03149999999999986,-0.007632106413994544
Rice,2018,Winter     ,Tripura,147900.0,450930,2169.1,23989380.0,51765.0,3.03375,3.109,0.07525000000000004,-0.007632106413994544
Wheat,2018,Rabi       ,Tripura,157.0,332,2169.1,25465.4,54.95,2.08625,2.2276428568,0.14139285680000002,-0.0058513337031468006
Rice,2018,Kharif     ,Uttarakhand,243666.0,574963,1373.0,39522625.2,85283.1,1.804615385,3.563333333,1.7587179480000001,-0.026755330127029565
Rice,2018,Summer     ,Uttarakhand,15682.0,51570,1373.0,2543620.4,5488.7,3.283333333,3.563333333,0.28000000000000025,-0.026755330127029565
Rice,2018,Autumn     ,West Bengal,230980.0,609496,2012.6,37464956.0,80843.0,2.672380952,3.1652222222,0.4928412702,-0.02538314263621085
Rice,2018,Winter     ,West Bengal,4002092.0,11282409,2012.6,649139322.4,1400732.2,2.744545455,3.1652222222,0.42067676720000025,-0.02538314263621085
Wheat,2018,Rabi       ,West Bengal,112147.0,337751,2012.6,18190243.4,39251.45,2.483,2.603,0.1200000000000001,-0.02663665735044556
Rice,2019,Autumn     ,Bihar,443965.0,727611,1194.7,76255428.4,164267.05,1.759583333,2.4173135014000002,0.6577301684000003,-0.03139790996179946
Rice,2019,Summer     ,Bihar,60399.0,128812,1194.7,10374132.24,22347.63,2.142857143,2.4173135014000002,0.27445635840000016,-0.03139790996179946
Rice,2019,Winter     ,Bihar,2593026.0,6096095,1194.7,445378145.8,959419.62,2.173157895,2.4173135014000002,0.2441556064000001,-0.03139790996179946
Wheat,2019,Rabi       ,Bihar,2150180.0,5579348,1194.7,369314916.8,795566.6,2.569473684,2.8600526312000003,0.2905789472000002,-0.03770118343832975
Wheat,2019,Rabi       ,Chhattisgarh,116274.0,135888,1420.3,19971222.24,43021.38,1.336538462,1.6692307694000001,0.3326923074000001,-0.026485417028806763
Rice,2019,Kharif     ,Gujarat,849599.0,1821136,1067.8,145927124.2,314351.63,1.948571429,3.1420606064,1.1934891773999998,-0.03721874456602503
Rice,2019,Summer     ,Gujarat,54751.0,161497,1067.8,9404031.76,20257.87,2.848571429,3.1420606064,0.2934891773999997,-0.03721874456602503
Rice,2019,Kharif     ,Haryana,1558900.0,5194600,351.8,267756664.0,576793.0,3.048095238,3.0865714284,0.03847619039999994,-0.02539124459924147
Wheat,2019,Rabi       ,Haryana,2533800.0,11876900,351.8,435205488.0,937506.0,4.618181818,4.736900433,0.1187186149999997,-0.037498547764244536
Rice,2019,Kharif     ,Himachal Pradesh,72620.0,116879,1217.7,12473211.2,26869.4,1.656363636,1.6833636360000002,0.027000000000000135,-0.008601833320900254
Wheat,2019,Rabi       ,Himachal Pradesh,319098.0,619689,1217.7,54808272.48,118066.26,1.7575,1.8347499997,0.07724999970000002,-0.006310316858826909
Wheat,2019,Rabi       ,Jharkhand,214780.0,439401,1137.8,36890612.8,79468.6,2.055,2.0730833334,0.0180833333999999,-0.03585568697142837
Rice,2019,Summer     ,Madhya Pradesh,34311.0,94770,1446.7,5893257.36,12695.07,0.8775,1.8426666667,0.9651666667000001,-0.04386481251071414
Rice,2019,Kharif     ,Maharashtra,1478093.0,2701810,1555.8,253877253.7,546894.41,1.256296296,2.5297916665,1.2734953705,-0.004910060240706449
Wheat,2019,Rabi       ,Maharashtra,1056965.0,1793440,1555.8,181544308.4,391077.05,1.564,1.6967999998,0.1327999998,-0.014068680620906084
Rice,2019,Autumn     ,Mizoram,18510.0,22904,2178.5,3179277.6,6848.7,1.18875,2.3105,1.1217500000000002,-0.013935060165558935
Rice,2019,Kharif     ,Mizoram,16232.0,36357,2178.5,2788008.32,6005.84,2.2025,2.3105,0.1080000000000001,-0.013935060165558935
Rice,2019,Rabi       ,Mizoram,468.0,978,2178.5,80383.68,173.16,2.135,2.3105,0.17550000000000043,-0.013935060165558935
Rice,2019,Kharif     ,Nagaland,211280.0,528920,1593.0,36289452.8,78173.6,2.459090909,2.703333333,0.24424242399999985,-0.05846861003677185
Wheat,2019,Rabi       ,Nagaland,3430.0,6280,1593.0,589136.8,1269.1,1.831111111,2.0675,0.23638888899999988,-0.006476481794960914
Rice,2019,Autumn     ,Odisha,426080.0,769480,1593.9,73183500.8,157649.6,1.8825,2.5893733770000003,0.7068733770000002,-0.028418741316709618
Rice,2019,Winter     ,Odisha,3222020.0,8052660,1593.9,553414155.2,1192147.4,2.564666667,2.5893733770000003,0.024706710000000243,-0.028418741316709618
Wheat,2019,Summer     ,Odisha,118.0,164,1593.9,20267.68,43.66,1.495,1.6570158734,0.1620158733999999,-0.013329642350231633
Rice,2019,Kharif     ,Punjab,3142000.0,12675000,653.2,539669920.0,1162540.0,3.930909091,4.0065545456,0.07564545460000005,-0.030264221302923056
Wheat,2019,Rabi       ,Punjab,3521000.0,17619000,653.2,604766960.0,1302770.0,4.892272727,5.0055454544,0.11327272740000005,-0.029615890455251995
Rice,2019,Kharif     ,Telangana,1631151.0,5985349,1031.7,280166495.8,603525.87,3.575625,3.5821875,0.006562499999999805,-0.04865454203782886
Wheat,2019,Kharif     ,Telangana,1.0,0,1031.7,171.76,0.37,0.0,2.0351,2.0351,-0.03498491541328485
Wheat,2019,Rabi       ,Telangana,4471.0,8237,1031.7,767938.96,1654.27,1.798461538,2.0351,0.23663846199999994,-0.03498491541328485
Rice,2019,Autumn     ,Tripura,34235.0,94357,2252.8,5880203.6,12666.95,2.6425,3.109,0.4664999999999999,-0.007632106413994544
Rice,2019,Kharif     ,Tripura,15228.0,16175,2252.8,2615561.28,5634.36,1.06875,3.109,2.04025,-0.007632106413994544
Rice,2019,Kharif     ,Uttarakhand,240411.0,615514,1378.9,41292993.36,88952.07,1.933846154,3.563333333,1.629487179,-0.026755330127029565
Rice,2019,Summer     ,Uttarakhand,17370.0,61915,1378.9,2983471.2,6426.9,3.563333333,3.563333333,0.0,-0.026755330127029565
Rice,2019,Autumn     ,West Bengal,215126.0,514586,1733.4,36950041.76,79596.62,2.434285714,3.1652222222,0.7309365082000001,-0.02538314263621085
Rice,2019,Winter     ,West Bengal,4004077.0,11344600,1733.4,687740265.5,1481508.49,2.771363636,3.1652222222,0.39385858620000036,-0.02538314263621085
Rice,2020,Kharif     ,Uttarakhand,241936.0,669372,1313.947826,46841228.96,89516.32,2.093076923,3.563333333,1.4702564100000002,-0.026755330127029565
Rice,2020,Summer     ,Uttarakhand,15315.0,55057,1313.947826,2965137.15,5666.55,3.563333333,3.563333333,0.0,-0.026755330127029565
Wheat,2020,Rabi       ,Uttarakhand,297189.0,937003,1313.947826,57538762.29,109959.93,2.216153846,2.216153846,0.0,-0.02716342003107162
Rice,1997,Kharif     ,Haryana,913000.0,2556000,661.2,86890210.0,283030.0,2.730588235,3.0865714284,0.3559831934000002,-0.02539124459924147
Wheat,1997,Rabi       ,Haryana,2057000.0,7528000,661.2,195764690.0,637670.0,3.607368421,4.736900433,1.1295320119999999,-0.037498547764244536
Rice,1997,Kharif     ,Nagaland,145000.0,188000,1398.5,13799650.0,44950.0,1.29,2.703333333,1.4133333329999997,-0.05846861003677185
Rice,1997,Rabi       ,Nagaland,200.0,250,1398.5,19034.0,62.0,1.3,2.703333333,1.4033333329999997,-0.05846861003677185
Rice,1998,Kharif     ,Delhi,7303.0,10799,784.5,721536.4,2117.87,1.48,3.2350000000000003,1.7550000000000003,-0.0553333333333339
Wheat,1998,Rabi       ,Delhi,31037.0,107729,784.5,3066455.6,9000.73,3.47,4.416,0.9460000000000002,-0.034804002760522666
Rice,1999,Kharif     ,Andhra Pradesh,2848794.0,7056175,650.4,302342507.2,769174.38,2.400869565,3.606538462,1.2056688970000002,-0.040348145789222745
Rice,1999,Rabi       ,Andhra Pradesh,1165454.0,3581740,650.4,123689633.0,314672.58,2.73,3.606538462,0.8765384620000001,-0.040348145789222745
Wheat,1999,Rabi       ,Andhra Pradesh,13515.0,9056,650.4,1434346.95,3649.05,0.658181818,1.2896666668999999,0.6314848488999999,0.0010057755036590808
Rice,1999,Kharif     ,Delhi,8105.0,15279,365.9,860183.65,2188.35,1.89,3.2350000000000003,1.3450000000000004,-0.0553333333333339
Wheat,1999,Rabi       ,Delhi,33505.0,122058,365.9,3555885.65,9046.35,3.64,4.416,0.7760000000000002,-0.034804002760522666
Rice,1999,Kharif     ,Jammu and Kashmir,250625.0,391529,667.1,26598831.25,67668.75,1.489166667,2.0989500000000003,0.6097833330000002,-0.037995517277653615
Rice,2000,Kharif     ,Delhi,6053.0,11420,544.3,594223.01,1573.78,1.89,3.2350000000000003,1.3450000000000004,-0.0553333333333339
Wheat,2000,Rabi       ,Delhi,27836.0,97927,544.3,2732660.12,7237.36,3.52,4.416,0.8960000000000004,-0.034804002760522666
Rice,2000,Kharif     ,Jammu and Kashmir,244051.0,415342,989.5,23958486.67,63453.26,1.6,2.0989500000000003,0.4989500000000002,-0.037995517277653615
Wheat,2000,Rabi       ,Jammu and Kashmir,276815.0,145060,989.5,27174928.55,71971.9,0.820833333,1.7551142860000002,0.9342809530000001,-0.030876590976433554
Rice,2001,Kharif     ,Delhi,6405.0,12063,611.9,654142.65,1665.3,1.88,3.2350000000000003,1.3550000000000004,-0.0553333333333339
Wheat,2001,Rabi       ,Delhi,26114.0,91660,611.9,2667022.82,6789.64,3.51,4.416,0.9060000000000006,-0.034804002760522666
Rice,2001,Kharif     ,Jammu and Kashmir,249830.0,422298,953.8,25515137.9,64955.8,1.634166667,2.0989500000000003,0.4647833330000004,-0.037995517277653615
Wheat,2001,Rabi       ,Jammu and Kashmir,255514.0,339390,953.8,26095644.82,66433.64,1.418333333,1.7551142860000002,0.3367809530000001,-0.030876590976433554
Rice,2002,Kharif     ,Delhi,6096.0,12907,593.6,577108.32,1524.0,2.12,3.2350000000000003,1.1150000000000002,-0.0553333333333339
Wheat,2002,Rabi       ,Delhi,19860.0,79718,593.6,1880146.2,4965.0,4.01,4.416,0.4060000000000006,-0.034804002760522666
Rice,2002,Kharif     ,Jammu and Kashmir,236199.0,421457,933.2,22360959.33,59049.75,1.708333333,2.0989500000000003,0.3906166670000004,-0.037995517277653615
Wheat,2002,Rabi       ,Jammu and Kashmir,244157.0,401900,933.2,23114343.19,61039.25,1.465,1.7551142860000002,0.2901142860000001,-0.030876590976433554
Rice,2002,Kharif     ,Puducherry,24142.0,57514,1434.5875,2285523.14,6035.5,2.56,3.5283333335,0.9683333335,-0.026797647981538435
Rice,2002,Kharif     ,Uttar Pradesh,5209137.0,9586935,664.0,493148999.8,1302284.25,1.765942029,2.5863199999,0.8203779709000001,-0.022382130578575948
Rice,2002,Summer     ,Uttar Pradesh,4292.0,9411,664.0,406323.64,1073.0,1.960952381,2.5863199999,0.6253676189000001,-0.022382130578575948
Wheat,2002,Rabi       ,Uttar Pradesh,9162749.0,23745162,664.0,867437447.8,2290687.25,2.558550725,3.631626667,1.073075942,-0.0330016622187964
Rice,2003,Kharif     ,Himachal Pradesh,81335.0,120624,1112.6,8050538.3,19520.4,1.469090909,1.6833636360000002,0.21427272700000022,-0.008601833320900254
Wheat,2003,Rabi       ,Himachal Pradesh,365359.0,496930,1112.6,36163233.82,87686.16,1.3625,1.8347499997,0.47224999970000003,-0.006310316858826909
Rice,2003,Kharif     ,Jammu and Kashmir,259815.0,504797,1430.3,25716488.7,62355.6,1.870833333,2.0989500000000003,0.22811666700000033,-0.037995517277653615
Wheat,2003,Rabi       ,Jammu and Kashmir,250282.0,455540,1430.3,24772912.36,60067.68,1.513333333,1.7551142860000002,0.24178095300000013,-0.030876590976433554
Rice,2004,Kharif     ,Himachal Pradesh,79519.0,109129,939.2,8615088.46,16698.99,1.454545455,1.6833636360000002,0.22881818100000006,-0.008601833320900254
Rice,2004,Kharif     ,Jammu and Kashmir,250044.0,492732,1032.1,27089766.96,52509.24,1.838333333,2.0989500000000003,0.2606166670000003,-0.037995517277653615
Rice,2004,Autumn     ,Odisha,824000.0,677000,1290.4,89272160.0,173040.0,0.98,2.5893733770000003,1.6093733770000003,-0.028418741316709618
Rice,2004,Summer     ,Odisha,293000.0,652000,1290.4,31743620.0,61530.0,1.938148148,2.5893733770000003,0.6512252290000002,-0.028418741316709618
Rice,2004,Winter     ,Odisha,3375000.0,5207000,1290.4,365647500.0,708750.0,1.511333333,2.5893733770000003,1.0780400440000002,-0.028418741316709618
Wheat,2004,Summer     ,Odisha,4054.0,5313,1290.4,439210.36,851.34,1.266071429,1.6570158734,0.3909444444000001,-0.013329642350231633
Rice,2004,Kharif     ,Uttar Pradesh,5934405.0,10749989,704.0,642933437.7,1246225.05,1.827714286,2.5863199999,0.7586057139000002,-0.022382130578575948
Wheat,2004,Rabi       ,Uttar Pradesh,9373402.0,23430044,704.0,1015514373.0,1968414.42,2.471714286,3.631626667,1.1599123809999998,-0.0330016622187964
Rice,2005,Kharif     ,Jammu and Kashmir,259014.0,556774,1721.8,31060958.88,54392.94,2.040833333,2.0989500000000003,0.05811666700000018,-0.037995517277653615
Wheat,2005,Kharif     ,Jammu and Kashmir,436.0,60,1721.8,52285.12,91.56,0.14,1.7551142860000002,1.6151142860000003,-0.030876590976433554
Wheat,2005,Rabi       ,Jammu and Kashmir,436.0,60,1721.8,52285.12,91.56,0.14,1.7551142860000002,1.6151142860000003,-0.030876590976433554
Rice,2005,Kharif     ,Uttar Pradesh,5571524.0,11119095,751.9,668137158.1,1170020.04,1.951714286,2.5863199999,0.6346057139000001,-0.022382130578575948
Wheat,2005,Rabi       ,Uttar Pradesh,9163949.0,23573776,751.9,1098940764.0,1924429.29,2.538142857,3.631626667,1.09348381,-0.0330016622187964
Rice,2006,Kharif     ,Jammu and Kashmir,252516.0,554258,1786.5,32248818.36,55553.52,2.060833333,2.0989500000000003,0.03811666700000016,-0.037995517277653615
Rice,2007,Kharif     ,Delhi,7419.0,20946,677.5,989694.6,1187.04,2.82,3.2350000000000003,0.4150000000000005,-0.0553333333333339
Wheat,2007,Rabi       ,Delhi,17482.0,76222,677.5,2332098.8,2797.12,4.36,4.416,0.05600000000000005,-0.034804002760522666
Rice,2007,Kharif     ,Jammu and Kashmir,263246.0,561355,1042.2,35117016.4,42119.36,1.9745,2.0989500000000003,0.1244500000000004,-0.037995517277653615
Wheat,2007,Kharif     ,Jammu and Kashmir,20.0,2,1042.2,2668.0,3.2,0.12,1.7551142860000002,1.6351142860000003,-0.030876590976433554
Rice,2008,Kharif     ,Delhi,7039.0,19873,614.6,1006858.56,633.51,2.82,3.2350000000000003,0.4150000000000005,-0.0553333333333339
Wheat,2008,Rabi       ,Delhi,18430.0,80355,614.6,2636227.2,1658.7,4.36,4.416,0.05600000000000005,-0.034804002760522666
Rice,2009,Kharif     ,Delhi,6821.0,19008,528.4,1062848.22,1159.57,2.79,3.2350000000000003,0.4450000000000003,-0.0553333333333339
Wheat,2009,Rabi       ,Delhi,21309.0,92480,528.4,3320368.38,3622.53,4.34,4.416,0.07600000000000051,-0.034804002760522666
Rice,2009,Kharif     ,Jammu and Kashmir,259892.0,500880,751.7,40496371.44,44181.64,1.859,2.0989500000000003,0.23995000000000033,-0.037995517277653615
Wheat,2009,Rabi       ,Jammu and Kashmir,284644.0,286143,751.7,44353228.08,48389.48,1.167142857,1.7551142860000002,0.5879714290000002,-0.030876590976433554
Rice,2010,Kharif     ,Delhi,6848.0,19083,989.5,1137521.28,1643.52,2.79,3.2350000000000003,0.4450000000000003,-0.0553333333333339
Wheat,2010,Rabi       ,Delhi,20135.0,87385,989.5,3344624.85,4832.4,4.34,4.416,0.07600000000000051,-0.034804002760522666
Rice,2011,Kharif     ,Delhi,7248.0,20198,641.3954545,1214184.96,2391.84,2.79,3.2350000000000003,0.4450000000000003,-0.0553333333333339
Wheat,2011,Rabi       ,Delhi,18927.0,82142,641.3954545,3170651.04,6245.91,4.34,4.416,0.07600000000000051,-0.034804002760522666
Rice,2011,Kharif     ,Jammu and Kashmir,262169.0,544396,887.6,43918550.88,86515.77,2.0225,2.0989500000000003,0.07645000000000035,-0.037995517277653615
Wheat,2011,Rabi       ,Jammu and Kashmir,291994.0,496542,887.6,48914834.88,96358.02,1.423571429,1.7551142860000002,0.3315428570000001,-0.030876590976433554
Wheat,2012,Rabi       ,Delhi,19450.0,84802,451.9,2933060.0,6029.5,4.36,4.416,0.05600000000000005,-0.034804002760522666
Rice,2012,Kharif     ,Jammu and Kashmir,261663.0,545186,1116.7,39458780.4,81115.53,1.8875,2.0989500000000003,0.21145000000000036,-0.037995517277653615
Wheat,2012,Rabi       ,Jammu and Kashmir,289964.0,462422,1116.7,43726571.2,89888.84,1.328461538,1.7551142860000002,0.4266527480000002,-0.030876590976433554
Rice,2012,Kharif     ,Puducherry,3559.0,11637,1098.3,536697.2,1103.29,3.076666667,3.5283333335,0.4516666665,-0.026797647981538435
Rice,2012,Rabi       ,Puducherry,8979.0,23373,1098.3,1354033.2,2783.49,3.233333333,3.5283333335,0.29500000049999997,-0.026797647981538435
Rice,2012,Summer     ,Puducherry,3743.0,11509,1098.3,564444.4,1160.33,2.54,3.5283333335,0.9883333335,-0.026797647981538435
Rice,2013,Kharif     ,Puducherry,3671.0,12091,1083.2,530422.79,991.17,2.696666667,3.5283333335,0.8316666664999999,-0.026797647981538435
Rice,2013,Summer     ,Puducherry,3769.0,12965,1083.2,544582.81,1017.63,3.41,3.5283333335,0.11833333349999986,-0.026797647981538435
Rice,2014,Kharif     ,Delhi,6035.0,17269,416.4,911043.6,1991.55,2.86,3.2350000000000003,0.37500000000000044,-0.0553333333333339
Rice,2014,Kharif     ,Jammu and Kashmir,275861.0,344823,1278.4,41643976.56,91034.13,1.098947368,2.0989500000000003,1.0000026320000004,-0.037995517277653615
Rice,2014,Kharif     ,Puducherry,3643.0,11821,1330.0,549947.28,1202.19,2.936666667,3.5283333335,0.5916666665000001,-0.026797647981538435
Rice,2014,Rabi       ,Puducherry,9006.0,26378,1330.0,1359545.76,2971.98,3.506666667,3.5283333335,0.02166666649999982,-0.026797647981538435
Rice,2015,Kharif     ,Delhi,5884.0,16837,757.7,929142.44,1941.72,2.86,3.2350000000000003,0.37500000000000044,-0.0553333333333339
Wheat,2015,Rabi       ,Delhi,19050.0,83419,757.7,3008185.5,6286.5,4.38,4.416,0.036000000000000476,-0.034804002760522666
Rice,2015,Kharif     ,Jammu and Kashmir,304503.0,646362,1572.6,48084068.73,100485.99,2.05,2.0989500000000003,0.04895000000000049,-0.037995517277653615
Wheat,2015,Rabi       ,Jammu and Kashmir,281870.0,544889,1572.6,44510091.7,93017.1,1.332857143,1.7551142860000002,0.42225714300000017,-0.030876590976433554
Rice,2016,Kharif     ,Delhi,5973.0,17260,747.1,915362.25,2090.55,2.89,3.2350000000000003,0.3450000000000002,-0.0553333333333339
Rice,2016,Kharif     ,Jammu and Kashmir,283443.0,572213,902.8,43437639.75,99205.05,2.0255,2.0989500000000003,0.07345000000000024,-0.037995517277653615
Wheat,2016,Rabi       ,Jammu and Kashmir,290301.0,548542,902.8,44488628.25,101605.35,1.416428571,1.7551142860000002,0.3386857150000002,-0.030876590976433554
Rice,2017,Kharif     ,Delhi,5854.0,16837,533.7,921653.76,2224.52,2.88,3.2350000000000003,0.3550000000000004,-0.0553333333333339
Wheat,2017,Rabi       ,Delhi,19671.0,83419,533.7,3097002.24,7474.98,4.24,4.416,0.17600000000000016,-0.034804002760522666
Wheat,2017,Rabi       ,Jammu and Kashmir,299336.0,640196,1279.1,47127459.84,113747.68,1.645,1.7551142860000002,0.11011428600000017,-0.030876590976433554
Rice,2018,Kharif     ,Delhi,5848.0,16826,678.5,948545.6,2046.8,2.88,3.2350000000000003,0.3550000000000004,-0.0553333333333339
Wheat,2018,Rabi       ,Delhi,19220.0,82876,678.5,3117484.0,6727.0,4.31,4.416,0.10600000000000076,-0.034804002760522666
Wheat,2018,Rabi       ,Jammu and Kashmir,288387.0,671799,1016.3,46776371.4,100935.45,1.687142857,1.7551142860000002,0.0679714290000002,-0.030876590976433554
Rice,2019,Kharif     ,Delhi,5848.0,17580,546.9,1004452.48,2163.76,3.01,3.2350000000000003,0.22500000000000053,-0.0553333333333339
Wheat,2019,Rabi       ,Delhi,19228.0,82905,546.9,3302601.28,7114.36,4.31,4.416,0.10600000000000076,-0.034804002760522666
Rice,2019,Kharif     ,Jammu and Kashmir,280513.0,587099,1324.1,48180912.88,103789.81,2.0755,2.0989500000000003,0.023450000000000415,-0.037995517277653615
Wheat,2019,Rabi       ,Jammu and Kashmir,243929.0,488297,1324.1,41897245.04,90253.73,1.6575,1.7551142860000002,0.09761428600000022,-0.030876590976433554
Rice,1997,Kharif     ,Manipur,155.0,348,2053.3,14751.35,48.05,2.075555556,2.3375555556,0.2619999996,0.004299556429973661
Rice,1998,Autumn     ,Manipur,88370.0,200290,1855.0,8730956.0,25627.3,2.094444444,2.3375555556,0.24311111159999976,0.004299556429973661
Rice,1998,Winter     ,Manipur,78520.0,181900,1855.0,7757776.0,22770.8,2.2175,2.3375555556,0.12005555560000003,0.004299556429973661
Rice,1999,Kharif     ,Manipur,157050.0,364980,2092.7,16667716.5,42403.5,2.171111111,2.3375555556,0.16644444459999974,0.004299556429973661
Rice,2000,Kharif     ,Manipur,156890.0,381750,1969.7,15401891.3,40791.4,2.26,2.3375555556,0.07755555560000005,0.004299556429973661
Rice,2001,Kharif     ,Manipur,162570.0,387270,2013.1,16603274.1,42268.2,2.234444444,2.3375555556,0.10311111159999964,0.004299556429973661
Rice,2002,Kharif     ,Manipur,153110.0,335700,1743.7,14494923.7,38277.5,2.034444444,2.3375555556,0.3031111115999998,0.004299556429973661
Rice,2004,Kharif     ,Manipur,176310.0,435930,1613.3,19101425.4,37025.1,2.327777778,2.3375555556,0.009777777599999649,0.004299556429973661
Rice,2004,Autumn     ,Puducherry,6237.0,17257,1434.5875,675716.58,1309.77,2.76,3.5283333335,0.7683333335000002,-0.026797647981538435
Rice,2004,Summer     ,Puducherry,5689.0,15537,1434.5875,616346.26,1194.69,2.73,3.5283333335,0.7983333335,-0.026797647981538435
Rice,2004,Winter     ,Puducherry,12896.0,28242,1434.5875,1397152.64,2708.16,2.803333333,3.5283333335,0.7250000005000001,-0.026797647981538435
Rice,2005,Kharif     ,Manipur,166260.0,386070,1585.4,19937899.2,34914.6,2.238888889,2.3375555556,0.09866666659999979,0.004299556429973661
Rice,2005,Autumn     ,Puducherry,5348.0,15278,1434.5875,641332.16,1123.08,2.57,3.5283333335,0.9583333335000002,-0.026797647981538435
Rice,2005,Summer     ,Puducherry,5167.0,13013,1434.5875,619626.64,1085.07,1.845,3.5283333335,1.6833333335,-0.026797647981538435
Rice,2005,Winter     ,Puducherry,12410.0,25326,1434.5875,1488207.2,2606.1,2.89,3.5283333335,0.6383333334999999,-0.026797647981538435
Rice,2006,Kharif     ,Manipur,165370.0,389170,1533.561905,21119402.7,36381.4,2.276666667,2.3375555556,0.060888888599999635,0.004299556429973661
Rice,1997,Kharif     ,Sikkim,15691.0,21447,2804.1,1493312.47,4864.21,1.365,4.1945000000000014,2.8295000000000012,-0.02289532151795331
Rice,1998,Kharif     ,Sikkim,15874.0,21957,3183.8,1568351.2,4603.46,1.3775,4.1945000000000014,2.8170000000000015,-0.02289532151795331
Wheat,1998,Rabi       ,Sikkim,7941.0,6416,3183.8,784570.8,2302.89,0.79,1.5665,0.7765,0.00865950370644463
Rice,1999,Kharif     ,Sikkim,15908.0,23439,2678.5,1688316.04,4295.16,1.465,4.1945000000000014,2.7295000000000016,-0.02289532151795331
Rice,2000,Kharif     ,Sikkim,15218.0,21358,2504.8,1493951.06,3956.68,1.4225,4.1945000000000014,2.772000000000001,-0.02289532151795331
Wheat,2000,Rabi       ,Sikkim,7215.0,10103,2504.8,708296.55,1875.9,1.3725,1.5665,0.19399999999999995,0.00865950370644463
Rice,2001,Kharif     ,Sikkim,14900.0,21372,2372.5,1521737.0,3874.0,1.4275,4.1945000000000014,2.7670000000000012,-0.02289532151795331
Wheat,2001,Rabi       ,Sikkim,8710.0,10485,2372.5,889552.3,2264.6,1.12,1.5665,0.4464999999999999,0.00865950370644463
Rice,2002,Kharif     ,Sikkim,14790.0,21220,2496.2,1400169.3,3697.5,1.4325,4.1945000000000014,2.7620000000000013,-0.02289532151795331
Wheat,2002,Rabi       ,Sikkim,8330.0,10400,2496.2,788601.1,2082.5,1.2075,1.5665,0.359,0.00865950370644463
Rice,2003,Kharif     ,Sikkim,14740.0,21190,2838.1,1458965.2,3537.6,1.4275,4.1945000000000014,2.7670000000000012,-0.02289532151795331
Wheat,2003,Rabi       ,Sikkim,6805.0,8686,2838.1,673558.9,1633.2,1.21,1.5665,0.35650000000000004,0.00865950370644463
Wheat,2004,Rabi       ,Sikkim,5740.0,8250,1650.5,621871.6,1205.4,1.39,1.5665,0.1765000000000001,0.00865950370644463
Wheat,2005,Rabi       ,Sikkim,5740.0,9250,2041.6,688340.8,1205.4,1.5525,1.5665,0.014000000000000012,0.00865950370644463
Rice,2007,Kharif     ,Sikkim,11860.0,19480,2003.4,1582124.0,1897.6,1.5475,4.1945000000000014,2.647000000000001,-0.02289532151795331
Wheat,2007,Rabi       ,Sikkim,4460.0,4460,2003.4,594964.0,713.6,1.0,1.5665,0.5665,0.00865950370644463
Rice,2008,Kharif     ,Sikkim,13000.0,22230,2247.5,1859520.0,1170.0,1.5925,4.1945000000000014,2.602000000000001,-0.02289532151795331
Wheat,2008,Rabi       ,Sikkim,3900.0,3500,2247.5,557856.0,351.0,0.8825,1.5665,0.684,0.00865950370644463
Rice,2009,Kharif     ,Sikkim,12270.0,20930,2176.6,1911911.4,2085.9,1.595,4.1945000000000014,2.5995000000000017,-0.02289532151795331
Wheat,2009,Rabi       ,Sikkim,5200.0,4720,2176.6,810264.0,884.0,0.93,1.5665,0.6365,0.00865950370644463
Rice,2010,Kharif     ,Sikkim,12140.0,20973,2527.0,2016575.4,2913.6,1.6225,4.1945000000000014,2.5720000000000014,-0.02289532151795331
Wheat,2010,Rabi       ,Sikkim,2650.0,2710,2527.0,440191.5,636.0,1.03,1.5665,0.5365,0.00865950370644463
Rice,2011,Kharif     ,Sikkim,12070.0,20880,2585.486364,2021966.4,3983.1,1.6225,4.1945000000000014,2.5720000000000014,-0.02289532151795331
Wheat,2011,Rabi       ,Sikkim,2500.0,2650,2585.486364,418800.0,825.0,1.065,1.5665,0.5015000000000001,0.00865950370644463
Rice,2012,Kharif     ,Sikkim,11920.0,21340,3006.9,1797536.0,3695.2,1.7175,4.1945000000000014,2.477000000000001,-0.02289532151795331
Wheat,2012,Rabi       ,Sikkim,520.0,550,3006.9,78416.0,161.2,1.0475,1.5665,0.5189999999999999,0.00865950370644463
Wheat,2013,Rabi       ,Jammu and Kashmir,292380.0,464577,1193.8,42245986.2,78942.6,1.27,1.7551142860000002,0.48511428600000017,-0.030876590976433554
Rice,2013,Kharif     ,Sikkim,11158.0,20260,2567.6,1612219.42,3012.66,1.76,4.1945000000000014,2.4345000000000017,-0.02289532151795331
Wheat,2013,Rabi       ,Sikkim,360.0,385,2567.6,52016.4,97.2,1.03,1.5665,0.5365,0.00865950370644463
Rice,2014,Kharif     ,Sikkim,11040.0,20070,2627.0,1666598.4,3643.2,1.76,4.1945000000000014,2.4345000000000017,-0.02289532151795331
Wheat,2014,Rabi       ,Sikkim,390.0,420,2627.0,58874.4,128.7,1.05,1.5665,0.5165,0.00865950370644463
Rice,2015,Kharif     ,Sikkim,10669.0,19687,2949.1,1684741.79,3520.77,1.7925,4.1945000000000014,2.4020000000000015,-0.02289532151795331
Wheat,2015,Rabi       ,Sikkim,323.0,346,2949.1,51004.93,106.59,1.0375,1.5665,0.5289999999999999,0.00865950370644463
Rice,2016,Kharif     ,Sikkim,10481.0,19453,2971.6,1606213.25,3668.35,1.8075,4.1945000000000014,2.3870000000000013,-0.02289532151795331
Wheat,2016,Rabi       ,Sikkim,265.0,286,2971.6,40611.25,92.75,1.046666667,1.5665,0.519833333,0.00865950370644463
Rice,2017,Kharif     ,Sikkim,9501.0,17636,2873.6,1495837.44,3610.38,1.815,4.1945000000000014,2.3795000000000015,-0.02289532151795331
Wheat,2017,Rabi       ,Sikkim,172.0,185,2873.6,27079.68,65.36,1.03,1.5665,0.5365,0.00865950370644463
Rice,2018,Kharif     ,Sikkim,9256.0,17182,3350.1,1501323.2,3239.6,1.82,4.1945000000000014,2.374500000000001,-0.02289532151795331
Wheat,2018,Rabi       ,Sikkim,163.0,176,3350.1,26438.6,57.05,1.04,1.5665,0.5265,0.00865950370644463
Rice,2019,Kharif     ,Sikkim,8685.0,16137,2740.0,1491735.6,3213.45,1.8225,4.1945000000000014,2.3720000000000017,-0.02289532151795331
Wheat,2019,Rabi       ,Sikkim,165.0,178,2740.0,28340.4,61.05,1.035,1.5665,0.5315000000000001,0.00865950370644463
Rice,2004,Kharif     ,Goa,52442.0,145174,2518.0,5681566.28,11012.82,2.75,2.968,0.21799999999999997,-0.008664310092638022
Rice,2005,Kharif     ,Goa,52177.0,147236,3392.8,6257065.84,10957.17,2.81,2.968,0.15799999999999992,-0.008664310092638022
Rice,2006,Kharif     ,Goa,52985.0,128945,2928.8,6766714.35,11656.7,2.41,2.968,0.5579999999999998,-0.008664310092638022
Rice,2007,Kharif     ,Goa,52191.0,121679,3674.7,6962279.4,8350.56,2.32,2.968,0.6480000000000001,-0.008664310092638022
Rice,1998,Kharif     ,Mizoram,62372.0,95115,2640.7,6162353.6,18087.88,1.5225,2.3105,0.7880000000000003,-0.013935060165558935
Wheat,1998,Rabi       ,Mizoram,55.0,48,2640.7,5434.0,15.95,1.09,1.258,0.16799999999999993,-0.19000000000001477
Rice,1999,Kharif     ,Mizoram,49713.0,88397,2535.9,5276040.69,13422.51,1.655,2.3105,0.6555000000000002,-0.013935060165558935
Wheat,1999,Rabi       ,Mizoram,43.0,38,2535.9,4563.59,11.61,0.88,1.258,0.378,-0.19000000000001477
Rice,1999,Kharif     ,Tripura,232160.0,505680,2147.4,24639140.8,62683.2,2.075,3.109,1.0339999999999998,-0.007632106413994544
Wheat,1999,Rabi       ,Tripura,1250.0,2400,2147.4,132662.5,337.5,2.005,2.2276428568,0.2226428568000003,-0.0058513337031468006
Rice,2000,Kharif     ,Tripura,243070.0,547520,2437.5,23862181.9,63198.2,2.185,3.109,0.9239999999999999,-0.007632106413994544
Wheat,2000,Rabi       ,Tripura,1065.0,2230,2437.5,104551.05,276.9,2.095,2.2276428568,0.1326428568,-0.0058513337031468006
Rice,2001,Kharif     ,Tripura,246750.0,587390,2284.4,25200577.5,64155.0,2.28,3.109,0.8290000000000002,-0.007632106413994544
Wheat,2001,Rabi       ,Tripura,1220.0,2455,2284.4,124598.6,317.2,2.015,2.2276428568,0.21264285680000006,-0.0058513337031468006
Rice,2002,Kharif     ,Tripura,255270.0,602410,2579.8,24166410.9,63817.5,2.255,3.109,0.8540000000000001,-0.007632106413994544
Wheat,2002,Rabi       ,Tripura,919.0,1827,2579.8,87001.73,229.75,2.0025,2.2276428568,0.22514285680000024,-0.0058513337031468006
Rice,2003,Kharif     ,Tripura,257440.0,616820,2487.9,25481411.2,61785.6,2.31,3.109,0.7989999999999999,-0.007632106413994544
Wheat,2003,Rabi       ,Tripura,895.0,1810,2487.9,88587.1,214.8,2.0275,2.2276428568,0.20014285680000032,-0.0058513337031468006
Rice,2004,Kharif     ,Mizoram,57085.0,107660,2640.8,6184588.9,11987.85,1.9225,2.3105,0.3880000000000001,-0.013935060165558935
Rice,2006,Kharif     ,Mizoram,50619.0,25789,2353.0,6464552.49,11136.18,0.4525,2.3105,1.858,-0.013935060165558935
Rice,2006,Rabi       ,Mizoram,2232.0,3675,2353.0,285048.72,491.04,1.58,2.3105,0.7305000000000001,-0.013935060165558935
Rice,2007,Kharif     ,Mizoram,54393.0,15501,3095.2,7256026.2,8702.88,0.2625,2.3105,2.048,-0.013935060165558935
Rice,2007,Rabi       ,Mizoram,148.0,187,3095.2,19743.2,23.68,1.264,2.3105,1.0465000000000002,-0.013935060165558935
Rice,2008,Kharif     ,Mizoram,51859.0,68637,1912.1,7417911.36,4667.31,1.20625,2.3105,1.1042500000000002,-0.013935060165558935
Rice,2009,Kharif     ,Mizoram,47085.0,65893,2086.3,7336784.7,8004.45,1.3175,2.3105,0.9930000000000003,-0.013935060165558935
Rice,2009,Rabi       ,Mizoram,119.0,238,2086.3,18542.58,20.23,2.0,2.3105,0.3105000000000002,-0.013935060165558935
Rice,1998,Kharif     ,Arunachal Pradesh,115481.0,114116,3616.7,11409522.8,33489.49,0.965384615,1.7284818184,0.7630972034,-0.025309504663061796
Wheat,1998,Rabi       ,Arunachal Pradesh,3660.0,4395,3616.7,361608.0,1061.4,1.166666667,2.1424545456,0.9757878786,-0.035720275569967624
Rice,1999,Kharif     ,Arunachal Pradesh,122740.0,134807,2338.6,13026396.2,33139.8,1.097692308,1.7284818184,0.6307895103999999,-0.025309504663061796
Wheat,1999,Rabi       ,Arunachal Pradesh,3896.0,5069,2338.6,413482.48,1051.92,1.374166667,2.1424545456,0.7682878786000003,-0.035720275569967624
Rice,2000,Kharif     ,Arunachal Pradesh,118601.0,132690,2157.7,11643060.17,30836.26,1.066153846,1.7284818184,0.6623279724,-0.025309504663061796
Wheat,2000,Rabi       ,Arunachal Pradesh,4397.0,6226,2157.7,431653.49,1143.22,1.374166667,2.1424545456,0.7682878786000003,-0.035720275569967624
Rice,2001,Kharif     ,Arunachal Pradesh,119455.0,134621,2128.5,12199939.15,31058.3,1.135384615,1.7284818184,0.5930972033999999,-0.025309504663061796
Wheat,2001,Rabi       ,Arunachal Pradesh,3805.0,5341,2128.5,388604.65,989.3,1.4325,2.1424545456,0.7099545456,-0.035720275569967624
Rice,2002,Kharif     ,Arunachal Pradesh,124584.0,152500,2832.8,11794367.28,31146.0,1.182666667,1.7284818184,0.5458151514,-0.025309504663061796
Wheat,2002,Rabi       ,Arunachal Pradesh,4114.0,6250,2832.8,389472.38,1028.5,1.481538462,2.1424545456,0.6609160836000001,-0.035720275569967624
Rice,2003,Kharif     ,Arunachal Pradesh,119205.0,154589,2782.2,11798910.9,28609.2,1.201333333,1.7284818184,0.5271484853999999,-0.025309504663061796
Wheat,2003,Rabi       ,Arunachal Pradesh,4150.0,6320,2782.2,410767.0,996.0,1.511818182,2.1424545456,0.6306363636000001,-0.035720275569967624
Rice,2004,Kharif     ,Arunachal Pradesh,121642.0,134950,2939.5,13178694.28,25544.82,1.080625,1.7284818184,0.6478568184,-0.025309504663061796
Wheat,2004,Rabi       ,Arunachal Pradesh,4278.0,6652,2939.5,463478.52,898.38,1.549230769,2.1424545456,0.5932237766000001,-0.035720275569967624
Rice,2005,Kharif     ,Arunachal Pradesh,122267.0,146191,2767.0,14662258.64,25676.07,1.16125,1.7284818184,0.5672318184,-0.025309504663061796
Wheat,2005,Rabi       ,Arunachal Pradesh,3976.0,6140,2767.0,476801.92,834.96,1.589166667,2.1424545456,0.5532878786000002,-0.035720275569967624
Rice,2006,Kharif     ,Arunachal Pradesh,123038.0,144635,1940.0,15713182.98,27068.36,1.151875,1.7284818184,0.5766068183999999,-0.025309504663061796
Wheat,2006,Rabi       ,Arunachal Pradesh,3979.0,6301,1940.0,508158.09,875.38,1.668461538,2.1424545456,0.47399300760000007,-0.035720275569967624
Rice,2007,Kharif     ,Arunachal Pradesh,124029.0,158146,3223.9,16545468.6,19844.64,1.225625,1.7284818184,0.5028568184,-0.025309504663061796
Wheat,2007,Rabi       ,Arunachal Pradesh,3558.0,5294,3223.9,474637.2,569.28,1.579230769,2.1424545456,0.5632237766000001,-0.035720275569967624
Rice,2008,Kharif     ,Arunachal Pradesh,126799.0,164538,2244.4,18137328.96,11411.91,1.183125,1.7284818184,0.5453568183999999,-0.025309504663061796
Wheat,2008,Rabi       ,Arunachal Pradesh,3278.0,5169,2244.4,468885.12,295.02,1.57,2.1424545456,0.5724545456000001,-0.035720275569967624
Rice,2009,Kharif     ,Arunachal Pradesh,121468.0,143893,1701.9,18927143.76,20649.56,1.12,1.7284818184,0.6084818183999998,-0.025309504663061796
Wheat,2009,Rabi       ,Arunachal Pradesh,3170.0,4770,1701.9,493949.4,538.9,1.59,2.1424545456,0.5524545456000001,-0.035720275569967624
Rice,2010,Kharif     ,Arunachal Pradesh,121570.0,155993,2574.1,20193992.7,29176.8,1.219375,1.7284818184,0.5091068183999998,-0.025309504663061796
Wheat,2010,Rabi       ,Arunachal Pradesh,3699.0,5872,2574.1,614440.89,887.76,1.647,2.1424545456,0.49545454560000013,-0.035720275569967624
Rice,2011,Kharif     ,Arunachal Pradesh,123500.0,159543,2193.7,20688720.0,40755.0,1.21875,1.7284818184,0.5097318183999999,-0.025309504663061796
Wheat,2011,Rabi       ,Arunachal Pradesh,3700.0,6500,2193.7,619824.0,1221.0,1.818,2.1424545456,0.3244545456000001,-0.035720275569967624
Rice,2012,Kharif     ,Arunachal Pradesh,126085.0,174662,2760.7,19013618.0,39086.35,1.308125,1.7284818184,0.42035681839999994,-0.025309504663061796
Wheat,2012,Rabi       ,Arunachal Pradesh,2937.0,4401,2760.7,442899.6,910.47,1.73,2.1424545456,0.41245454560000017,-0.035720275569967624
Rice,2013,Kharif     ,Arunachal Pradesh,131989.0,184104,2042.9,19071090.61,35637.03,1.300588235,1.7284818184,0.42789358339999994,-0.025309504663061796
Wheat,2013,Rabi       ,Arunachal Pradesh,2960.0,4470,2042.9,427690.4,799.2,1.73,2.1424545456,0.41245454560000017,-0.035720275569967624
Rice,2014,Kharif     ,Arunachal Pradesh,127200.0,189992,2403.2,19202112.0,41976.0,1.447058824,1.7284818184,0.28142299439999996,-0.025309504663061796
Wheat,2015,Rabi       ,Arunachal Pradesh,3910.0,7700,2593.2,617428.1,1290.3,2.105,2.1424545456,0.037454545600000166,-0.035720275569967624
Rice,1997,Kharif     ,Goa,15169.0,40864,3680.3,1443633.73,4702.39,2.69,2.968,0.278,-0.008664310092638022
Rice,1997,Kharif     ,Arunachal Pradesh,120020.0,129505,2274.9,11422303.4,37206.2,1.06,1.7284818184,0.6684818183999999,-0.025309504663061796
Wheat,1997,Rabi       ,Arunachal Pradesh,3785.0,5475,2274.9,360218.45,1173.35,1.5925,2.1424545456,0.5499545456000001,-0.035720275569967624
Rice,1998,Autumn     ,Odisha,819731.0,501365,1357.1,80989422.8,237721.99,0.837666667,2.5893733770000003,1.7517067100000001,-0.028418741316709618
Rice,1998,Summer     ,Odisha,268081.0,506455,1357.1,26486402.8,77743.49,1.582666667,2.5893733770000003,1.0067067100000002,-0.028418741316709618
Rice,1998,Winter     ,Odisha,3358901.0,4383502,1357.1,331859418.8,974081.29,1.342333333,2.5893733770000003,1.2470400440000002,-0.028418741316709618
Wheat,1998,Summer     ,Odisha,3868.0,4441,1357.1,382158.4,1121.72,1.108,1.6570158734,0.5490158733999999,-0.013329642350231633
Rice,2005,Autumn     ,Odisha,781000.0,681000,1503.4,93657520.0,164010.0,1.016428571,2.5893733770000003,1.5729448060000002,-0.028418741316709618
Rice,2005,Summer     ,Odisha,325000.0,702000,1503.4,38974000.0,68250.0,2.04,2.5893733770000003,0.5493733770000002,-0.028418741316709618
Rice,2005,Winter     ,Odisha,3373000.0,5475000,1503.4,404490160.0,708330.0,1.639666667,2.5893733770000003,0.9497067100000003,-0.028418741316709618
Wheat,2005,Summer     ,Odisha,3276.0,4486,1503.4,392857.92,687.96,1.2124,1.6570158734,0.4446158734000001,-0.013329642350231633
Rice,2006,Autumn     ,Odisha,757000.0,765000,1716.9,96676470.0,166540.0,1.056785714,2.5893733770000003,1.5325876630000002,-0.028418741316709618
Rice,2006,Summer     ,Odisha,315000.0,720000,1716.9,40228650.0,69300.0,2.012,2.5893733770000003,0.5773733770000002,-0.028418741316709618
Rice,2006,Winter     ,Odisha,3379000.0,5338000,1716.9,431532090.0,743380.0,1.580333333,2.5893733770000003,1.0090400440000002,-0.028418741316709618
Wheat,2006,Summer     ,Odisha,3913.0,5802,1716.9,499729.23,860.86,1.303076923,1.6570158734,0.3539389503999999,-0.013329642350231633
Rice,2007,Autumn     ,Odisha,742000.0,814000,1633.8,98982800.0,118720.0,1.082857143,2.5893733770000003,1.5065162340000002,-0.028418741316709618
Rice,2007,Summer     ,Odisha,334000.0,816000,1633.8,44555600.0,53440.0,2.108928571,2.5893733770000003,0.4804448060000004,-0.028418741316709618
Rice,2007,Winter     ,Odisha,3376000.0,5910000,1633.8,450358400.0,540160.0,1.747,2.5893733770000003,0.8423733770000001,-0.028418741316709618
Wheat,2007,Summer     ,Odisha,5548.0,8721,1633.8,740103.2,887.68,1.398,1.6570158734,0.2590158734000001,-0.013329642350231633
Rice,2008,Autumn     ,Odisha,707000.0,735000,1539.0,101129280.0,63630.0,1.062142857,2.5893733770000003,1.5272305200000003,-0.028418741316709618
Rice,2008,Summer     ,Odisha,331000.0,811000,1539.0,47346240.0,29790.0,2.051538462,2.5893733770000003,0.5378349150000004,-0.028418741316709618
Rice,2008,Winter     ,Odisha,3417000.0,5266000,1539.0,488767680.0,307530.0,1.545333333,2.5893733770000003,1.0440400440000002,-0.028418741316709618
Wheat,2008,Summer     ,Odisha,5267.0,7386,1539.0,753391.68,474.03,1.3836,1.6570158734,0.27341587340000006,-0.013329642350231633
Rice,2008,Kharif     ,Goa,33638.0,78705,3271.6,4811579.52,3027.42,2.325,2.968,0.6429999999999998,-0.008664310092638022
Rice,2008,Rabi       ,Goa,15688.0,43162,3271.6,2244011.52,1411.92,2.755,2.968,0.21300000000000008,-0.008664310092638022
Rice,2009,Autumn     ,Odisha,687000.0,618000,1330.3,107048340.0,116790.0,1.024074074,2.5893733770000003,1.5652993030000002,-0.028418741316709618
Rice,2009,Summer     ,Odisha,265000.0,714000,1330.3,41292300.0,45050.0,2.163636364,2.5893733770000003,0.42573701300000044,-0.028418741316709618
Rice,2009,Winter     ,Odisha,3413000.0,5581000,1330.3,531813660.0,580210.0,1.575666667,2.5893733770000003,1.0137067100000003,-0.028418741316709618
Wheat,2009,Summer     ,Odisha,3994.0,5782,1330.3,622345.08,678.98,1.3456,1.6570158734,0.3114158734000001,-0.013329642350231633
Rice,2009,Kharif     ,Goa,31166.0,59267,3334.9,4856286.12,5298.22,1.895,2.968,1.073,-0.008664310092638022
Rice,2009,Rabi       ,Goa,15938.0,41338,3334.9,2483459.16,2709.46,2.57,2.968,0.39800000000000013,-0.008664310092638022
Rice,2010,Autumn     ,Odisha,678000.0,563000,1291.9,112622580.0,162720.0,0.939642857,2.5893733770000003,1.6497305200000003,-0.028418741316709618
Rice,2010,Summer     ,Odisha,293000.0,863000,1291.9,48670230.0,70320.0,2.1024,2.5893733770000003,0.48697337700000043,-0.028418741316709618
Rice,2010,Winter     ,Odisha,3255000.0,5398000,1291.9,540688050.0,781200.0,1.633,2.5893733770000003,0.9563733770000002,-0.028418741316709618
Wheat,2010,Summer     ,Odisha,2857.0,4176,1291.9,474576.27,685.68,1.3396,1.6570158734,0.3174158734000001,-0.013329642350231633
Rice,2010,Kharif     ,Goa,30632.0,72221,4193.3,5088281.52,7351.68,2.35,2.968,0.6179999999999999,-0.008664310092638022
Rice,2010,Rabi       ,Goa,15980.0,42773,4193.3,2654437.8,3835.2,2.68,2.968,0.2879999999999998,-0.008664310092638022
Rice,2011,Autumn     ,Odisha,536000.0,418000,1346.2,89790720.0,176880.0,0.8,2.5893733770000003,1.7893733770000002,-0.028418741316709618
Rice,2011,Summer     ,Odisha,236000.0,755000,1346.2,39534720.0,77880.0,2.363913043,2.5893733770000003,0.2254603340000001,-0.028418741316709618
Rice,2011,Winter     ,Odisha,3233000.0,4633000,1346.2,541592160.0,1066890.0,1.405333333,2.5893733770000003,1.1840400440000003,-0.028418741316709618
Wheat,2011,Summer     ,Odisha,1461.0,2396,1346.2,244746.72,482.13,1.39,1.6570158734,0.2670158734000001,-0.013329642350231633
Rice,2011,Kharif     ,Goa,31247.0,78770,3340.395455,5234497.44,10311.51,2.495,2.968,0.47299999999999986,-0.008664310092638022
Rice,2011,Rabi       ,Goa,15990.0,43221,3340.395455,2678644.8,5276.7,2.7,2.968,0.2679999999999998,-0.008664310092638022
Rice,2012,Autumn     ,Odisha,561000.0,970000,1430.2,84598800.0,173910.0,1.56,2.5893733770000003,1.0293733770000002,-0.028418741316709618
Rice,2012,Summer     ,Odisha,8629000.0,868000,1430.2,1301253200.0,2674990.0,0.077333333,2.5893733770000003,2.5120400440000004,-0.028418741316709618
Rice,2012,Winter     ,Odisha,3188000.0,7658000,1430.2,480750400.0,988280.0,2.490666667,2.5893733770000003,0.09870671000000009,-0.028418741316709618
Wheat,2012,Summer     ,Odisha,1039.0,1974,1430.2,156681.2,322.09,1.622857143,1.6570158734,0.03415873039999995,-0.013329642350231633
Rice,2012,Kharif     ,Goa,31255.0,81229,3048.9,4713254.0,9689.05,2.59,2.968,0.3780000000000001,-0.008664310092638022
Rice,2012,Rabi       ,Goa,14575.0,41592,3048.9,2197910.0,4518.25,2.85,2.968,0.11799999999999988,-0.008664310092638022
Rice,2013,Autumn     ,Odisha,582000.0,851000,1632.4,84093180.0,157140.0,1.2972,2.5893733770000003,1.2921733770000003,-0.028418741316709618
Rice,2013,Winter     ,Odisha,3298000.0,5734000,1632.4,476528020.0,890460.0,1.853,2.5893733770000003,0.7363733770000003,-0.028418741316709618
Rice,2014,Autumn     ,Odisha,583000.0,1036000,1536.9,88009680.0,192390.0,1.599166667,2.5893733770000003,0.9902067100000003,-0.028418741316709618
Rice,2014,Winter     ,Odisha,3282000.0,7802000,1536.9,495450720.0,1083060.0,2.379333333,2.5893733770000003,0.21004004400000031,-0.028418741316709618
Wheat,2014,Summer     ,Odisha,403.0,658,1536.9,60836.88,132.99,1.440625,1.6570158734,0.21639087339999996,-0.013329642350231633
Rice,2015,Autumn     ,Odisha,541000.0,390000,1210.1,85429310.0,178530.0,0.864583333,2.5893733770000003,1.7247900440000001,-0.028418741316709618
Rice,2015,Winter     ,Odisha,3167000.0,4702000,1210.1,500100970.0,1045110.0,1.417666667,2.5893733770000003,1.1717067100000003,-0.028418741316709618
Wheat,2015,Summer     ,Odisha,367.0,494,1210.1,57952.97,121.11,1.2675,1.6570158734,0.38951587339999993,-0.013329642350231633
Rice,2016,Autumn     ,Odisha,511550.0,657520,1460.5,78395037.5,179042.5,1.444074074,2.5893733770000003,1.1452993030000003,-0.028418741316709618
Rice,2016,Winter     ,Odisha,3226450.0,8343100,1460.5,494453462.5,1129257.5,2.543,2.5893733770000003,0.046373377000000104,-0.028418741316709618
Wheat,2016,Summer     ,Odisha,57.0,80,1460.5,8735.25,19.95,0.95,1.6570158734,0.7070158734,-0.013329642350231633
Rice,2017,Autumn     ,Odisha,530320.0,576840,1344.4,83493580.8,201521.6,1.218928571,2.5893733770000003,1.3704448060000003,-0.028418741316709618
Rice,2017,Winter     ,Odisha,3014130.0,5279130,1344.4,474544627.2,1145369.4,1.747,2.5893733770000003,0.8423733770000001,-0.028418741316709618
Rice,2018,Autumn     ,Odisha,454370.0,527490,1635.9,73698814.0,159029.5,1.322916667,2.5893733770000003,1.2664567100000002,-0.028418741316709618
Rice,2018,Summer     ,Odisha,274230.0,925810,1635.9,44480106.0,95980.5,2.586071429,2.5893733770000003,0.0033019480000002766,-0.028418741316709618
Rice,2018,Winter     ,Odisha,3130820.0,6280410,1635.9,507819004.0,1095787.0,1.982333333,2.5893733770000003,0.6070400440000003,-0.028418741316709618
Rice,1998,Kharif     ,Nagaland,141000.0,205000,1498.0,13930800.0,40890.0,1.441428571,2.703333333,1.2619047619999997,-0.05846861003677185
Rice,1997,Kharif     ,Jammu and Kashmir,275746.0,5488,1356.2,26242746.82,85481.26,0.016666667,2.0989500000000003,2.0822833330000003,-0.037995517277653615
Wheat,1997,Rabi       ,Jammu and Kashmir,239344.0,392160,1356.2,22778368.48,74196.64,1.261818182,1.7551142860000002,0.4932961040000001,-0.030876590976433554
